customerEmail,orderAmount,orderId,orderShippingAddress,orderState
josephhoward@yahoo.com,18,vjbdvd,"5493 Jones Islands
Brownside, CA 51896",pending
josephhoward@yahoo.com,26,yp6x27,"5493 Jones Islands
Brownside, CA 51896",fulfilled
josephhoward@yahoo.com,18,vjbdvd,"5493 Jones Islands
Brownside, CA 51896",pending
josephhoward@yahoo.com,26,yp6x27,"5493 Jones Islands
Brownside, CA 51896",fulfilled
evansjeffery@yahoo.com,45,nlghpa,"898 Henry Ports
New Keithview, CA 95893-2497",fulfilled
evansjeffery@yahoo.com,23,uw0eeb,"356 Elizabeth Inlet Suite 120
Port Joshuabury, NM 37681",fulfilled
evansjeffery@yahoo.com,43,bn44oh,"5093 Bryan Forks
Joshuaton, FM 01565-9801",fulfilled
andersonwilliam@yahoo.com,33,yk34y2,"8478 Sean Ridges Apt. 441
Davisberg, PR 72250",failed
andersonwilliam@yahoo.com,24,28v6b0,"8478 Sean Ridges Apt. 441
Davisberg, PR 72250",fulfilled
andersonwilliam@yahoo.com,25,itnk8y,"22396 Victor Lights
Carsonstad, MO 93914",fulfilled
rubenjuarez@yahoo.com,34,fbz9ep,"7769 Elizabeth Bridge Apt. 343
Nortonstad, FM 51359",fulfilled
rubenjuarez@yahoo.com,26,7odnn6,"7769 Elizabeth Bridge Apt. 343
Nortonstad, FM 51359",fulfilled
rubenjuarez@yahoo.com,25,audx7o,"428 Ricardo Mountain
Port Lorihaven, UT 07665-3981",fulfilled
uchen@malone.com,71,56h7iw,"148 Russell Lodge Apt. 445
Port Jenniferside, TN 60556-0871",fulfilled
uchen@malone.com,66,kowj1v,"148 Russell Lodge Apt. 445
Port Jenniferside, TN 60556-0871",fulfilled
uchen@malone.com,69,wlznfu,"148 Russell Lodge Apt. 445
Port Jenniferside, TN 60556-0871",failed
uchen@malone.com,46,hm3rth,"620 Alexander Views
Michaelstad, AK 94959-7484",fulfilled
uchen@malone.com,68,vvq05w,"148 Russell Lodge Apt. 445
Port Jenniferside, TN 60556-0871",fulfilled
uchen@malone.com,59,xwo0al,"148 Russell Lodge Apt. 445
Port Jenniferside, TN 60556-0871",fulfilled
uchen@malone.com,32,2528x8,"148 Russell Lodge Apt. 445
Port Jenniferside, TN 60556-0871",fulfilled
robinsoncynthia@dunn.com,25,vq7j5b,"764 Collier Springs
Jackfurt, NE 95955-5328",pending
samuel15@saunders-rhodes.com,40,sq7rk9,"9447 Cook Extensions
Rebeccahaven, NY 78148-0238",fulfilled
johnlowery@gmail.com,65,kanub7,"484 Pamela Pass
Lake Jessicaview, WI 12942-9074",fulfilled
johnlowery@gmail.com,36,605pbl,"484 Pamela Pass
Lake Jessicaview, WI 12942-9074",failed
johnlowery@gmail.com,68,7fs5td,"484 Pamela Pass
Lake Jessicaview, WI 12942-9074",fulfilled
johnlowery@gmail.com,74,ccuh4k,"27513 Betty Gardens Suite 901
Stewartport, CA 27936-0627",fulfilled
johnlowery@gmail.com,55,lajvhn,"484 Pamela Pass
Lake Jessicaview, WI 12942-9074",fulfilled
jameslandry@rodriguez.com,25,mtg9kj,"USNS Price
FPO AE 14661",fulfilled
jameslandry@rodriguez.com,21,1b71xd,"USNS Price
FPO AE 14661",pending
bowenwilliam@yahoo.com,40,a0dh26,"256 Vang Prairie Suite 748
West Troyland, IA 65490-2272",fulfilled
bowenwilliam@yahoo.com,18,izik2o,"27061 Wright Forks
Craigland, MN 59915",pending
bowenwilliam@yahoo.com,46,2sumqh,"27061 Wright Forks
Craigland, MN 59915",failed
bowenwilliam@yahoo.com,12,kcmymd,"27061 Wright Forks
Craigland, MN 59915",fulfilled
bowenwilliam@yahoo.com,11,mocbj3,"27061 Wright Forks
Craigland, MN 59915",fulfilled
ksummers@hotmail.com,12,ji75jj,"5918 Jeremy Spur Apt. 524
Martinborough, SC 73839-0349",fulfilled
ksummers@hotmail.com,30,5lyh0x,"7792 Lambert Flats
Jessicaland, OK 69264",fulfilled
ksummers@hotmail.com,49,ha14ey,"46383 Matthew Track Apt. 220
Romanburgh, DC 95125",fulfilled
ksummers@hotmail.com,45,ni3keo,"46383 Matthew Track Apt. 220
Romanburgh, DC 95125",fulfilled
ksummers@hotmail.com,28,vvo42o,"46383 Matthew Track Apt. 220
Romanburgh, DC 95125",fulfilled
christineklein@wright-boyd.org,10,abc26t,"PSC 4895, Box 9024
APO AA 50628-5796",fulfilled
christineklein@wright-boyd.org,45,bdzhkd,"67636 Renee Islands Suite 307
Teresaview, ND 09042",pending
christineklein@wright-boyd.org,46,l8smyt,"957 Sheila Prairie
West Jacquelineburgh, DE 46455-3868",fulfilled
christineklein@wright-boyd.org,16,0esxhp,"355 Tamara Plains
North Judyton, LA 04531",fulfilled
meganwalters@chavez.com,43,ooxrwm,"PSC 5530, Box 9664
APO AE 46314",fulfilled
meganwalters@chavez.com,34,2p3zor,"00287 Davidson Stravenue
New Staceytown, ND 18845",fulfilled
caleb94@sutton.info,19,49zp0m,"813 Miller Lakes
Lake Christina, SD 29778-1298",failed
caleb94@sutton.info,46,eqpu3r,"813 Miller Lakes
Lake Christina, SD 29778-1298",fulfilled
caleb94@sutton.info,39,gzlvco,"813 Miller Lakes
Lake Christina, SD 29778-1298",fulfilled
caleb94@sutton.info,35,p1yden,"813 Miller Lakes
Lake Christina, SD 29778-1298",fulfilled
caleb94@sutton.info,46,bkvs1p,"813 Miller Lakes
Lake Christina, SD 29778-1298",failed
gonzalesjackson@gmail.com,50,s7dg4a,"60769 Yang Fork
Port Samanthachester, OH 10135-7083",fulfilled
gonzalesjackson@gmail.com,41,jlzkil,"566 Courtney Stream
Reedland, NH 84853",fulfilled
gonzalesjackson@gmail.com,44,f8bsyg,"611 Steven Land Suite 843
Loganhaven, NY 14012",fulfilled
gonzalesjackson@gmail.com,41,u3ogjs,"566 Courtney Stream
Reedland, NH 84853",fulfilled
dana09@yahoo.com,12,giqilg,"812 Moss Radial Suite 844
North Patriciaburgh, MH 13975",fulfilled
dana09@yahoo.com,33,g56nmt,"5145 Marquez Oval
South Lisaborough, RI 54165",fulfilled
dana09@yahoo.com,40,2ai67b,"812 Moss Radial Suite 844
North Patriciaburgh, MH 13975",fulfilled
alec27@bell.com,34,28xxko,"6174 Nicholas Cliffs Suite 855
Websterview, MN 44283-0599",pending
alec27@bell.com,12,iyl91j,"6174 Nicholas Cliffs Suite 855
Websterview, MN 44283-0599",fulfilled
alec27@bell.com,30,j7ene4,"6174 Nicholas Cliffs Suite 855
Websterview, MN 44283-0599",fulfilled
alec27@bell.com,22,mir5zf,"6174 Nicholas Cliffs Suite 855
Websterview, MN 44283-0599",fulfilled
juliecook@hotmail.com,11,p6g2g0,"1750 Alicia Shoals Apt. 000
South Benjamin, ND 75373",fulfilled
juliecook@hotmail.com,14,7y5qly,"1750 Alicia Shoals Apt. 000
South Benjamin, ND 75373",fulfilled
meganberry@clark.biz,37,1d19rh,"833 Mathis Prairie
Fergusonview, MH 81934-1374",fulfilled
meganberry@clark.biz,42,deh1ao,"34944 Glenn Mountain
Sherryhaven, TN 36252",fulfilled
meganberry@clark.biz,11,xdmwyo,"34944 Glenn Mountain
Sherryhaven, TN 36252",fulfilled
meganberry@clark.biz,29,00z9c8,"34944 Glenn Mountain
Sherryhaven, TN 36252",fulfilled
psantiago@nelson.net,31,f5vg4r,"238 Reeves Villages
Leslieton, SD 12318-4476",fulfilled
harrisnicholas@mitchell-hancock.com,33,xxn508,"357 Barbara Crossroad
Jacobsburgh, WY 09289-9170",failed
harrisnicholas@mitchell-hancock.com,47,5vvhqu,"357 Barbara Crossroad
Jacobsburgh, WY 09289-9170",fulfilled
harrisnicholas@mitchell-hancock.com,25,o5mg40,"357 Barbara Crossroad
Jacobsburgh, WY 09289-9170",fulfilled
harrisnicholas@mitchell-hancock.com,25,dfwo2l,"357 Barbara Crossroad
Jacobsburgh, WY 09289-9170",fulfilled
davismike@hotmail.com,33,j8w6hq,"07078 Brent Ways Apt. 999
Alvarezshire, ND 82309",fulfilled
davismike@hotmail.com,48,vo9fep,"07078 Brent Ways Apt. 999
Alvarezshire, ND 82309",failed
davismike@hotmail.com,11,yqijlk,"07078 Brent Ways Apt. 999
Alvarezshire, ND 82309",fulfilled
natalie98@yahoo.com,23,ssdsca,"23831 Adams Tunnel Suite 538
North David, NE 92200-7011",fulfilled
karen54@mullins.biz,38,xm4p49,"526 Ronald Cliffs
West Christinaville, GU 76418",fulfilled
karen54@mullins.biz,12,w3av5p,"526 Ronald Cliffs
West Christinaville, GU 76418",fulfilled
karen54@mullins.biz,15,94y9qn,"51492 Sanchez Junctions Suite 947
Port Madeline, GU 69686",failed
karen54@mullins.biz,11,h0j383,"526 Ronald Cliffs
West Christinaville, GU 76418",fulfilled
karen54@mullins.biz,39,8iq07j,"137 Justin Circle Suite 952
Henrymouth, CO 60210-8162",failed
avaldez@gmail.com,19,uotwbi,"304 Heather Fall
East Christina, UT 45880-4522",fulfilled
blackjoel@wright.com,45,f3zu8d,"Unit 0643 Box 8346
DPO AA 55632-6780",fulfilled
blackjoel@wright.com,50,kv9he2,"Unit 0643 Box 8346
DPO AA 55632-6780",fulfilled
blackjoel@wright.com,42,cs48h5,"Unit 0643 Box 8346
DPO AA 55632-6780",fulfilled
blackjoel@wright.com,10,eonqhv,"Unit 0643 Box 8346
DPO AA 55632-6780",fulfilled
blackjoel@wright.com,30,zxk81a,"Unit 0643 Box 8346
DPO AA 55632-6780",fulfilled
abigail08@yahoo.com,48,naiygn,"419 Janice Manors Apt. 698
New Susanview, PA 33955-3875",failed
abigail08@yahoo.com,42,any2ki,"129 Sandra Meadows Suite 923
East Jenniferport, SC 47493",pending
abigail08@yahoo.com,29,l98c04,"3764 Stanley Hollow
East Catherine, CT 98470",fulfilled
catherine64@gmail.com,65,j4izq0,"372 Michael Club Suite 553
Herrerafort, MH 52953",failed
catherine64@gmail.com,75,81bac4,"372 Michael Club Suite 553
Herrerafort, MH 52953",pending
catherine64@gmail.com,58,y73qvk,"372 Michael Club Suite 553
Herrerafort, MH 52953",fulfilled
catherine64@gmail.com,58,sd4v17,"2182 Samantha Gardens
Elliottview, MP 18669",fulfilled
romerolauren@hotmail.com,32,ag3x4z,"34958 Sean View
West Robert, DE 93344-9833",fulfilled
romerolauren@hotmail.com,36,rn62d8,"34958 Sean View
West Robert, DE 93344-9833",fulfilled
qramsey@hotmail.com,14,x4u7kx,"87265 Woods Square
Port Heidimouth, LA 03208-8304",fulfilled
qramsey@hotmail.com,15,du631k,"87265 Woods Square
Port Heidimouth, LA 03208-8304",fulfilled
qramsey@hotmail.com,46,eunjto,"87265 Woods Square
Port Heidimouth, LA 03208-8304",fulfilled
qramsey@hotmail.com,18,mlsqph,"87265 Woods Square
Port Heidimouth, LA 03208-8304",fulfilled
qramsey@hotmail.com,30,pe8fke,"87265 Woods Square
Port Heidimouth, LA 03208-8304",failed
9es7t@u6n7x,16,3b9vdf,"63978 Luis Ports
Yvonneville, NE 63736-2980",fulfilled
ypruitt@hotmail.com,30,wc0qut,"437 Jean Well
Andrewville, FM 13796",fulfilled
ypruitt@hotmail.com,38,8o9ef7,"437 Jean Well
Andrewville, FM 13796",fulfilled
ypruitt@hotmail.com,49,5pwn81,"437 Jean Well
Andrewville, FM 13796",fulfilled
ypruitt@hotmail.com,29,l72b2v,"5664 Kristy Points
Meyerfort, SD 37067",fulfilled
aweaver@yahoo.com,20,lly25f,"85993 Heather Drive
East Erinhaven, KY 61109",fulfilled
richard05@hanson-key.org,40,pkajko,"432 Margaret Isle
West Kevinbury, SC 42235",fulfilled
paul86@hotmail.com,44,4w6x1p,"178 Palmer Motorway
East Anthony, HI 06543-3483",fulfilled
mark02@young.com,10,gkwd8g,"229 Michelle Union Suite 692
Lake Sarahport, AS 45607",fulfilled
mark02@young.com,34,pypyvi,"229 Michelle Union Suite 692
Lake Sarahport, AS 45607",fulfilled
mark02@young.com,39,fq1ooh,"229 Michelle Union Suite 692
Lake Sarahport, AS 45607",fulfilled
mark02@young.com,49,qb4l0y,"229 Michelle Union Suite 692
Lake Sarahport, AS 45607",fulfilled
brandon58@conner.com,29,aj6j5x,"USS Barr
FPO AE 16052-3851",fulfilled
brandon58@conner.com,25,gf3kf8,"USS Barr
FPO AE 16052-3851",fulfilled
brandon58@conner.com,14,v1sq5r,"USS Barr
FPO AE 16052-3851",fulfilled
johnlowery@gmail.com,32,kr2w5f,"77711 Pamela Ridge
New Kayla, IL 27182",failed
johnlowery@gmail.com,21,4x7vmr,"77711 Pamela Ridge
New Kayla, IL 27182",fulfilled
jamescampbell@randall-pacheco.biz,10,typkze,"29408 Lisa Lock
Port Jennifer, LA 26501-7040",fulfilled
jamescampbell@randall-pacheco.biz,11,gar4v9,"306 Dominique Burg
Lake Joshua, MH 57647-0315",fulfilled
jamescampbell@randall-pacheco.biz,47,ougwoy,"95641 Steven Expressway
Gordonborough, GU 44582-9207",fulfilled
briana34@gmail.com,50,brzg7e,"4264 Traci Mountains Suite 245
East Trevor, NC 37274-0975",fulfilled
briana34@gmail.com,39,tex5rp,"4264 Traci Mountains Suite 245
East Trevor, NC 37274-0975",fulfilled
briana34@gmail.com,18,o2xkjm,"2282 Diaz Trafficway
West Alan, PW 51681",fulfilled
briana34@gmail.com,29,z11a6h,"4264 Traci Mountains Suite 245
East Trevor, NC 37274-0975",fulfilled
briana34@gmail.com,41,8id3sg,"4264 Traci Mountains Suite 245
East Trevor, NC 37274-0975",pending
jonesandrea@gray.biz,45,sqfq9g,"33328 Mendez Shore Apt. 328
North Miguelville, MT 05102-0874",fulfilled
jonesandrea@gray.biz,22,lco8r4,"214 Rachel Branch
East Gabriela, NJ 89474-5585",fulfilled
jonesandrea@gray.biz,29,d1mfum,"369 Moreno Lock
Raytown, MS 71921-2845",fulfilled
kristina41@gmail.com,51,d6sbjc,"5769 Ronald Brook Suite 963
Lake Jasonfurt, MS 45350-9530",fulfilled
kristina41@gmail.com,36,izroq8,"298 Stephanie Passage
Ortizhaven, WY 41473",fulfilled
kristina41@gmail.com,60,9spaf7,"USCGC Smith
FPO AE 33964-3887",fulfilled
kristina41@gmail.com,52,8f7mcp,"2079 Woods Unions
Brandibury, AR 18360-1093",fulfilled
kristina41@gmail.com,68,xwtnot,"USS Medina
FPO AA 42900",fulfilled
kristina41@gmail.com,51,iaousp,"5769 Ronald Brook Suite 963
Lake Jasonfurt, MS 45350-9530",fulfilled
nolanalec@yahoo.com,31,48pqsb,"6790 Cassandra Loop
Davidton, ME 00036",fulfilled
nolanalec@yahoo.com,36,tprxxg,"6790 Cassandra Loop
Davidton, ME 00036",fulfilled
nolanalec@yahoo.com,42,3j539y,"32795 Gregory Tunnel Apt. 420
Patrickton, OR 99089-6477",fulfilled
nolanalec@yahoo.com,35,q4rqn8,"6790 Cassandra Loop
Davidton, ME 00036",fulfilled
spencer77@reid.com,17,phfc5z,"966 Jones Forks Suite 546
North Jesusshire, MI 55779-7683",fulfilled
spencer77@reid.com,33,7g535w,"363 Michael Villages
Kristineburgh, NM 59002",failed
uguzman@yahoo.com,353,32rax6,"9596 Christian Bridge
West Nicholasbury, OR 90106-9840",fulfilled
ssmith@levine-harmon.biz,17,9ekv8b,"58408 Stacy Grove
Port Gregory, MD 11557-3871",fulfilled
ssmith@levine-harmon.biz,24,l4l6tx,"37549 Crawford Forest
Christopherside, KY 96656",fulfilled
ssmith@levine-harmon.biz,35,y4a3bt,"37549 Crawford Forest
Christopherside, KY 96656",pending
ssmith@levine-harmon.biz,32,xtmpum,"37549 Crawford Forest
Christopherside, KY 96656",fulfilled
ssmith@levine-harmon.biz,36,y50p63,"37549 Crawford Forest
Christopherside, KY 96656",fulfilled
feliciabrown@gmail.com,41,jp7kqk,"1089 Christopher Neck Suite 097
Scottmouth, GA 02587-6233",fulfilled
dianacook@gmail.com,19,23cqz5,"226 Steven Course
New Jaime, VI 82101-3297",failed
dianacook@gmail.com,20,gxeyl2,"938 Miranda Mountain
Alexandratown, AS 69640",fulfilled
cookbenjamin@hotmail.com,37,zllwa6,"585 Veronica Loop Suite 856
East Rebeccachester, AZ 55756",fulfilled
cookbenjamin@hotmail.com,14,znlrfn,"5936 Logan Forge Apt. 622
North Kevinshire, NV 15030-8421",fulfilled
cookbenjamin@hotmail.com,49,rl4qc1,"585 Veronica Loop Suite 856
East Rebeccachester, AZ 55756",fulfilled
cookbenjamin@hotmail.com,43,6s4aem,"585 Veronica Loop Suite 856
East Rebeccachester, AZ 55756",fulfilled
joserowland@jones.com,31,u5a84z,"702 Richard Dale Suite 484
New Paula, CT 56858-8909",fulfilled
joserowland@jones.com,46,809d5o,"1292 Tricia Key Suite 062
Marthabury, KS 40445",fulfilled
joserowland@jones.com,16,734b9q,"1292 Tricia Key Suite 062
Marthabury, KS 40445",fulfilled
joserowland@jones.com,15,02x0ec,"15587 Rios Center
East Dawn, AR 22196",fulfilled
pattersonphilip@yahoo.com,18,wg4ai4,"PSC 6562, Box 6787
APO AE 05203",failed
pattersonphilip@yahoo.com,16,dkwhx7,"258 Teresa Crescent Apt. 167
Rodriguezmouth, AS 13930",fulfilled
pattersonphilip@yahoo.com,39,5ref00,"PSC 0481, Box 8369
APO AP 33323-5409",pending
pattersonphilip@yahoo.com,37,4clclj,"968 Lisa Fall
Lake Arianashire, DC 66544-2874",fulfilled
hj8maoy@1jcfcxs7,12,qfteet,"872 Ashley Island Apt. 254
East Anthonytown, LA 10352",failed
hj8maoy@1jcfcxs7,48,8a35qi,"872 Ashley Island Apt. 254
East Anthonytown, LA 10352",failed
hj8maoy@1jcfcxs7,41,sw4bii,"872 Ashley Island Apt. 254
East Anthonytown, LA 10352",fulfilled
hj8maoy@1jcfcxs7,29,5xh1fc,"872 Ashley Island Apt. 254
East Anthonytown, LA 10352",fulfilled
hj8maoy@1jcfcxs7,22,m6pkzg,"872 Ashley Island Apt. 254
East Anthonytown, LA 10352",fulfilled
finleybrianna@yahoo.com,44,np9ggp,"445 Nicole Hollow
Carterton, FM 48532",fulfilled
finleybrianna@yahoo.com,43,8zs126,"445 Nicole Hollow
Carterton, FM 48532",failed
finleybrianna@yahoo.com,41,9416gf,"445 Nicole Hollow
Carterton, FM 48532",fulfilled
finleybrianna@yahoo.com,16,6avmqe,"445 Nicole Hollow
Carterton, FM 48532",fulfilled
suzanne21@gmail.com,37,l4hhqu,"398 Latasha Canyon
Kathyland, LA 36717-2161",failed
suzanne21@gmail.com,31,z2x7az,"94922 Robert Park
Kellyhaven, OK 36922-3583",fulfilled
suzanne21@gmail.com,24,910715,"398 Latasha Canyon
Kathyland, LA 36717-2161",fulfilled
johnlowery@gmail.com,11,3ougge,"11704 Andrew Villages Apt. 035
Jamesfurt, OR 49817-0470",fulfilled
johnlowery@gmail.com,42,6p7c0x,"5015 Harrison Fields Suite 162
Sheppardfort, FL 39092",fulfilled
johnlowery@gmail.com,37,dd8z28,"11704 Andrew Villages Apt. 035
Jamesfurt, OR 49817-0470",fulfilled
johnlowery@gmail.com,30,0b6r24,"11704 Andrew Villages Apt. 035
Jamesfurt, OR 49817-0470",fulfilled
johnlowery@gmail.com,12,9eubwc,"62515 Holly Court
Lopezton, AR 45419-4146",fulfilled
kristaavery@lewis-baird.com,16,g54w0y,"1018 Johnny Vista Suite 429
North Daniel, CO 58465-5970",fulfilled
cathy42@gibson.com,14,d5r0n3,"0378 Sanders View Suite 401
West Joanna, NC 12504",fulfilled
cathy42@gibson.com,23,8lc2cq,"046 Carson Crescent
South Jacksonview, NV 22839-2652",fulfilled
cathy42@gibson.com,50,ssqc0h,"913 Rivas Island
Hallburgh, GU 81505-6573",fulfilled
michelleherrera@day.info,34,12l1rw,"586 Johnson Courts
South Timothymouth, OH 66490",fulfilled
michelleherrera@day.info,43,pcmaex,"586 Johnson Courts
South Timothymouth, OH 66490",fulfilled
michelleherrera@day.info,15,hxwtsb,"48551 Thomas Circle
Lake Johnberg, GU 50483",failed
michelleherrera@day.info,48,nm269f,"586 Johnson Courts
South Timothymouth, OH 66490",fulfilled
ijuarez@yahoo.com,45,ghy2in,"Unit 0375 Box 6645
DPO AP 74311",fulfilled
ijuarez@yahoo.com,13,gltavp,"2265 Chang Isle
New Timothy, SC 18655",fulfilled
ijuarez@yahoo.com,14,7syvmx,"9390 Samantha Drive
North Melanie, ND 85266",fulfilled
hughesjonathan@pena.org,49,yqgi4r,"272 Grant Rest
Martinezland, IL 82134-6960",pending
hughesjonathan@pena.org,25,owcp3q,"7444 Shelby Fords Apt. 290
Rhondaland, AS 85277-9573",fulfilled
hughesjonathan@pena.org,41,kkj4g4,"7444 Shelby Fords Apt. 290
Rhondaland, AS 85277-9573",fulfilled
hughesjonathan@pena.org,25,ieo8qr,"894 Jacob Vista Apt. 197
Williamfort, GA 28640-1599",fulfilled
hughesjonathan@pena.org,45,7wo3i5,"7444 Shelby Fords Apt. 290
Rhondaland, AS 85277-9573",failed
anthony04@gmail.com,15,czmdey,"412 Joshua Knoll Apt. 533
Davidland, ME 61496",fulfilled
anthony04@gmail.com,34,4v3wor,"412 Joshua Knoll Apt. 533
Davidland, ME 61496",fulfilled
mgould@yahoo.com,22,i1ews1,"19170 Hansen Throughway
Wilkersonville, PA 09423",fulfilled
mgould@yahoo.com,21,umxpkn,"19170 Hansen Throughway
Wilkersonville, PA 09423",fulfilled
mgould@yahoo.com,35,2bwa43,"840 Carroll Fort Apt. 640
Lake Stephanieland, TX 40398-4112",fulfilled
mgould@yahoo.com,20,9wsbkr,"19170 Hansen Throughway
Wilkersonville, PA 09423",fulfilled
bakersydney@gmail.com,41,r55imo,"8649 Mcgee Locks Apt. 114
North Angelafort, IN 05272-4651",fulfilled
bakersydney@gmail.com,34,87w5rm,"3598 Douglas Street
Port Alexandra, MA 84502-8273",fulfilled
bakersydney@gmail.com,32,knov7s,"8649 Mcgee Locks Apt. 114
North Angelafort, IN 05272-4651",fulfilled
udavis@clark.com,13,y439xr,"06698 Nelson Fork Suite 415
Jacquelinechester, DE 26287",fulfilled
udavis@clark.com,10,ikr37t,"9923 Williams Ramp
East Lauraburgh, GA 48874",fulfilled
udavis@clark.com,18,3629iw,"9923 Williams Ramp
East Lauraburgh, GA 48874",fulfilled
nancymayo@brown.com,46,ab2hxc,"6927 Nathan Mountains
North April, PA 95355-9109",fulfilled
nancymayo@brown.com,72,r8occu,"6927 Nathan Mountains
North April, PA 95355-9109",fulfilled
nancymayo@brown.com,50,ky361o,"6927 Nathan Mountains
North April, PA 95355-9109",fulfilled
nancymayo@brown.com,42,92e8bp,"6927 Nathan Mountains
North April, PA 95355-9109",failed
nancymayo@brown.com,56,fu7lla,"6927 Nathan Mountains
North April, PA 95355-9109",fulfilled
nancymayo@brown.com,30,c5b579,"17620 Wells Prairie Suite 370
North Brandon, GA 60136-0328",pending
johnlowery@gmail.com,40,np906j,"814 Wagner Union
Ashleymouth, HI 35617",fulfilled
johnlowery@gmail.com,34,p1yimo,"814 Wagner Union
Ashleymouth, HI 35617",fulfilled
warrenedward@arnold.com,47,03euof,"49680 Brian Squares Apt. 122
Port Walterburgh, MH 02766-0708",fulfilled
warrenedward@arnold.com,31,e32v3f,"51899 Bryan Pine Apt. 256
Willieville, OK 17656-9361",fulfilled
warrenedward@arnold.com,28,v3f3bo,"49680 Brian Squares Apt. 122
Port Walterburgh, MH 02766-0708",fulfilled
warrenedward@arnold.com,11,mfgt1j,"04246 Martinez Mews
Mirandafurt, RI 25874",fulfilled
rbolton@hotmail.com,27,j5ssnn,"150 Kenneth Bypass Apt. 791
Kevinton, VT 92488",fulfilled
rbolton@hotmail.com,19,pgpgct,"150 Kenneth Bypass Apt. 791
Kevinton, VT 92488",fulfilled
rbolton@hotmail.com,17,ywwu92,"150 Kenneth Bypass Apt. 791
Kevinton, VT 92488",fulfilled
rbolton@hotmail.com,27,h7m36s,"150 Kenneth Bypass Apt. 791
Kevinton, VT 92488",fulfilled
jonathan99@stafford.org,46,dyyrat,"4913 Wright Ranch
Roymouth, VI 48629",fulfilled
jonathan99@stafford.org,46,kwmuvx,"4913 Wright Ranch
Roymouth, VI 48629",pending
lleonard@turner-fleming.com,59,vliicw,"202 Glenn Spur
West Alyssaview, GA 19716-9957",fulfilled
lleonard@turner-fleming.com,71,a6e85x,"96103 Riley Walks
Michellefort, ID 98085-6066",fulfilled
lleonard@turner-fleming.com,75,s2yu52,"96103 Riley Walks
Michellefort, ID 98085-6066",fulfilled
lleonard@turner-fleming.com,56,2dt9hc,"96103 Riley Walks
Michellefort, ID 98085-6066",fulfilled
lleonard@turner-fleming.com,48,c8czvd,"96103 Riley Walks
Michellefort, ID 98085-6066",pending
lleonard@turner-fleming.com,55,aexkeb,"6721 Smith Road Apt. 172
Lake Tanya, WI 12305",fulfilled
lleonard@turner-fleming.com,67,014gsw,"96103 Riley Walks
Michellefort, ID 98085-6066",pending
lleonard@turner-fleming.com,40,8lwtag,"96103 Riley Walks
Michellefort, ID 98085-6066",failed
whitedavid@jones-lloyd.org,70,gdsjvg,"881 Jessica Ford
Ericksonhaven, FL 83492-3227",fulfilled
whitedavid@jones-lloyd.org,52,3oa84g,"881 Jessica Ford
Ericksonhaven, FL 83492-3227",fulfilled
whitedavid@jones-lloyd.org,73,a8rmch,"881 Jessica Ford
Ericksonhaven, FL 83492-3227",fulfilled
whitedavid@jones-lloyd.org,43,znuuw1,"881 Jessica Ford
Ericksonhaven, FL 83492-3227",failed
whitedavid@jones-lloyd.org,45,0ssrq7,"9593 Gomez Tunnel Suite 588
Christianberg, WV 17842-4677",fulfilled
tayloreric@gmail.com,15,zwxx7h,"3195 Farmer Mills Apt. 946
Brittanymouth, IA 14170",failed
tayloreric@gmail.com,16,hnm11l,"3195 Farmer Mills Apt. 946
Brittanymouth, IA 14170",fulfilled
tayloreric@gmail.com,39,oe5ua5,"3195 Farmer Mills Apt. 946
Brittanymouth, IA 14170",fulfilled
shelby24@hotmail.com,40,38153h,"3271 Cynthia Groves
Port Jeremyberg, CO 27305",fulfilled
shelby24@hotmail.com,33,ocwyyj,"29331 Lowe Trace Apt. 964
Rosalesview, MT 96654-1454",failed
shelby24@hotmail.com,50,99fepx,"3271 Cynthia Groves
Port Jeremyberg, CO 27305",fulfilled
shelby24@hotmail.com,36,zjigls,"3271 Cynthia Groves
Port Jeremyberg, CO 27305",fulfilled
cindydelgado@gmail.com,35,297izj,"7835 Jasmine Mission Suite 502
Port Alejandra, WA 47942-2517",failed
cindydelgado@gmail.com,46,4ryti3,"7835 Jasmine Mission Suite 502
Port Alejandra, WA 47942-2517",fulfilled
cindydelgado@gmail.com,49,1nblrq,"7835 Jasmine Mission Suite 502
Port Alejandra, WA 47942-2517",fulfilled
cindydelgado@gmail.com,16,lgnbul,"7835 Jasmine Mission Suite 502
Port Alejandra, WA 47942-2517",fulfilled
brittanydean@hotmail.com,36,4x5z1z,"97017 Zoe Fields Suite 624
East Marcusville, VI 71667-6156",fulfilled
brittanydean@hotmail.com,15,cilumk,"97017 Zoe Fields Suite 624
East Marcusville, VI 71667-6156",fulfilled
brittanydean@hotmail.com,43,znrz7h,"97017 Zoe Fields Suite 624
East Marcusville, VI 71667-6156",fulfilled
brittanydean@hotmail.com,36,ysg7hn,"97017 Zoe Fields Suite 624
East Marcusville, VI 71667-6156",fulfilled
watkinscaroline@lewis-haas.com,11,z4z8pu,"000 Harmon Passage Suite 981
East Erika, HI 63934",fulfilled
watkinscaroline@lewis-haas.com,27,kcyceh,"991 Melton Viaduct
Wagnerville, NH 56051",fulfilled
marissacollins@mckinney.com,31,r7iurq,"95667 Alex Burg
Greenton, NH 20710-0614",fulfilled
marissacollins@mckinney.com,33,komvqe,"95667 Alex Burg
Greenton, NH 20710-0614",fulfilled
marissacollins@mckinney.com,46,oe260k,"1762 Richardson Mews Apt. 594
Garciaton, UT 12157-8935",fulfilled
marissacollins@mckinney.com,12,vo6yxx,"3514 Larry Cliffs
Lake Douglasland, MH 08125-7086",fulfilled
marissacollins@mckinney.com,32,f1ykft,"95667 Alex Burg
Greenton, NH 20710-0614",fulfilled
craig83@rasmussen-alvarado.com,20,nzxaq8,"10068 Adam Rapids Suite 792
Rileyburgh, GA 11372",fulfilled
craig83@rasmussen-alvarado.com,21,8yj5xm,"9411 Brittany Mount Suite 563
Kevinfort, PW 49639-4327",fulfilled
thernandez@johnson-quinn.com,14,tnx3nb,"911 Miller Summit Suite 426
Port Ashley, IA 03124-9666",fulfilled
thernandez@johnson-quinn.com,22,un1swp,"911 Miller Summit Suite 426
Port Ashley, IA 03124-9666",fulfilled
emilyroberts@hotmail.com,22,8hzrs6,"94798 Reed Park Apt. 840
Port Normanborough, ME 36946-3989",pending
emilyroberts@hotmail.com,14,lv7bgj,"94798 Reed Park Apt. 840
Port Normanborough, ME 36946-3989",fulfilled
vmiller@hotmail.com,36,5qsujo,"2535 Anthony Fork
West Alexander, ID 09504-1790",fulfilled
vmiller@hotmail.com,60,e079kp,"67953 Christopher Mount
Moodyland, NC 47395-8833",fulfilled
vmiller@hotmail.com,57,e4zp2d,"PSC 9111, Box 9839
APO AA 57283-9646",fulfilled
vmiller@hotmail.com,59,uwlkgq,"225 Brown Harbor Suite 036
Scottburgh, MT 20780-6268",fulfilled
vmiller@hotmail.com,64,1r723d,"529 Jacob Crest
Scottton, NE 85064-4340",fulfilled
vmiller@hotmail.com,54,kclajf,"PSC 9111, Box 9839
APO AA 57283-9646",fulfilled
vmiller@hotmail.com,55,src36a,"15195 Lucas Falls
Sarahbury, VI 08589",fulfilled
vmiller@hotmail.com,47,urki6d,"90617 White Street Apt. 541
Smithville, HI 91427",failed
david45@gmail.com,74,xmco0d,"29024 Christopher Vista Apt. 927
Tracyland, MS 47831-2674",fulfilled
david45@gmail.com,57,6kc5n5,"5360 Adams Falls Suite 829
Hensleymouth, WV 86746-6334",fulfilled
david45@gmail.com,57,l35jjq,"33909 Christy Plains Suite 457
Crystalmouth, MN 05117-2881",fulfilled
david45@gmail.com,53,ujgjis,"5360 Adams Falls Suite 829
Hensleymouth, WV 86746-6334",fulfilled
david45@gmail.com,61,3hprb8,"981 Carroll Parks Apt. 704
East Michaelshire, AZ 93416",fulfilled
david45@gmail.com,67,745ioj,"5360 Adams Falls Suite 829
Hensleymouth, WV 86746-6334",fulfilled
david45@gmail.com,47,fc3nvv,"469 Roger Manors Apt. 320
East Jacobville, PA 78876-0523",fulfilled
david45@gmail.com,36,owjv3s,"815 Gibson Well Suite 392
Johnsonfurt, AL 88402",fulfilled
fdavis@wolfe-brown.com,17,ohf8go,"USS Faulkner
FPO AE 60416-0002",fulfilled
fdavis@wolfe-brown.com,25,06hsk6,"6609 Hannah Road Suite 577
Richardchester, AL 20921",fulfilled
fdavis@wolfe-brown.com,30,u4dydn,"6609 Hannah Road Suite 577
Richardchester, AL 20921",fulfilled
kathleenlee@yahoo.com,41,uz0oa1,"206 Olson Viaduct Apt. 982
North Charleschester, CA 67567",fulfilled
kathleenlee@yahoo.com,10,5vu69a,"206 Olson Viaduct Apt. 982
North Charleschester, CA 67567",pending
kathleenlee@yahoo.com,38,mpwhj2,"7193 James Circles
Tranport, NM 21037",fulfilled
kathleenlee@yahoo.com,32,qvbjir,"206 Olson Viaduct Apt. 982
North Charleschester, CA 67567",fulfilled
benjamin19@gmail.com,18,d2szgv,"90771 Daniel Field Apt. 429
North Jamesland, IL 45690",fulfilled
benjamin19@gmail.com,11,xmaldl,"90771 Daniel Field Apt. 429
North Jamesland, IL 45690",fulfilled
benjamin19@gmail.com,47,ln8bdx,"90771 Daniel Field Apt. 429
North Jamesland, IL 45690",fulfilled
mtrevino@gutierrez.net,17,m6zkwn,"767 Tiffany Drive
Mirandaview, OH 42972-3228",pending
tmcpherson@wright.com,72,51pdq1,"6774 Brian Cove
New Rebekahshire, MT 42516",fulfilled
tmcpherson@wright.com,60,bve6ws,"400 Lynn Vista
Bakerburgh, GA 04714-6151",fulfilled
tmcpherson@wright.com,42,6sv4im,"7956 Alex Avenue Apt. 593
Port Michael, OK 41350",fulfilled
tmcpherson@wright.com,33,loejqo,"5917 Barry Mall Apt. 592
Dickersonborough, VT 20372",pending
tmcpherson@wright.com,33,qrkjwn,"7956 Alex Avenue Apt. 593
Port Michael, OK 41350",fulfilled
tmcpherson@wright.com,35,bvbmdr,"7956 Alex Avenue Apt. 593
Port Michael, OK 41350",fulfilled
tmcpherson@wright.com,40,etpzqt,"7956 Alex Avenue Apt. 593
Port Michael, OK 41350",fulfilled
tmcpherson@wright.com,36,p3i7n9,"7956 Alex Avenue Apt. 593
Port Michael, OK 41350",fulfilled
wdelacruz@yahoo.com,66,lqc3os,"65309 Evans Village Suite 325
Lake Victoriafort, MO 48375-9683",fulfilled
wdelacruz@yahoo.com,46,q60uc8,"090 Cunningham Ports
Hallhaven, VI 34605-5359",failed
wdelacruz@yahoo.com,47,fsnt56,"3074 Caroline Oval
Lake Maryburgh, MA 15880",failed
wdelacruz@yahoo.com,72,j6lfpo,"3074 Caroline Oval
Lake Maryburgh, MA 15880",fulfilled
brooksdustin@knight.info,17,8p5okv,"8554 John Forge Apt. 284
Port Kimberlyburgh, NM 29954-7053",fulfilled
ybrown@gmail.com,46,cdt22w,"5154 Fernandez Points Apt. 712
Mcguirehaven, MN 91595",fulfilled
ybrown@gmail.com,42,w936ae,"5154 Fernandez Points Apt. 712
Mcguirehaven, MN 91595",fulfilled
ybrown@gmail.com,36,xsg232,"5154 Fernandez Points Apt. 712
Mcguirehaven, MN 91595",failed
ybrown@gmail.com,10,1x9wie,"5154 Fernandez Points Apt. 712
Mcguirehaven, MN 91595",fulfilled
vreyes@cruz.info,30,b1t6wl,"3120 Horne Vista
Port Emmaview, LA 25479",fulfilled
nicolekelly@hotmail.com,42,qy4n1h,"8795 Mary Motorway
Judithfurt, VT 29567",fulfilled
barronelizabeth@singh.org,21,2r16j4,"8663 Kaitlyn Key
Brittanyview, CT 46389",fulfilled
barronelizabeth@singh.org,16,fs5qr2,"8663 Kaitlyn Key
Brittanyview, CT 46389",fulfilled
barronelizabeth@singh.org,39,7p1kg7,"09079 Bond Land Apt. 431
Dominguezville, DE 27285-7158",fulfilled
barronelizabeth@singh.org,22,zrklm8,"8663 Kaitlyn Key
Brittanyview, CT 46389",fulfilled
phillip89@gmail.com,16,m1ivme,"2672 Jeffrey Cove
Michaelport, ND 40991-4174",pending
phillip89@gmail.com,45,lbg7xt,"2672 Jeffrey Cove
Michaelport, ND 40991-4174",fulfilled
phillip89@gmail.com,13,6fzokb,"2672 Jeffrey Cove
Michaelport, ND 40991-4174",fulfilled
ugood@mosley.info,74,eqaoio,"88979 Jennifer Field Suite 069
Robertchester, CT 26498-8802",fulfilled
ugood@mosley.info,67,ye3d01,"43050 Arnold Springs Suite 126
North Douglas, SC 45870-2888",fulfilled
zgraham@yahoo.com,42,4pg8fk,"4608 Travis Spring
Sarahtown, KS 65613",fulfilled
zgraham@yahoo.com,43,0linjx,"4608 Travis Spring
Sarahtown, KS 65613",fulfilled
zgraham@yahoo.com,12,9khtcz,"4608 Travis Spring
Sarahtown, KS 65613",fulfilled
zgraham@yahoo.com,11,3g1bbj,"4608 Travis Spring
Sarahtown, KS 65613",fulfilled
pchavez@randolph.com,39,iwzplu,"3604 Lyons Prairie
Allenbury, WI 26089-9330",fulfilled
marywalker@gmail.com,14,9wfg0y,"708 Hernandez Ports
Wilsonside, AZ 10494-5552",fulfilled
marywalker@gmail.com,35,f2u6qh,"84862 Houston Ridge
Donnaview, MI 44879-5690",failed
marywalker@gmail.com,19,hw28hx,"6026 Donald Mission Apt. 379
Mejiaville, MA 13711",fulfilled
smithtonya@huffman.org,32,52gvak,"401 Linda Circles Apt. 670
Raymondton, OH 67056-3087",fulfilled
smithtonya@huffman.org,35,e7i8oe,"401 Linda Circles Apt. 670
Raymondton, OH 67056-3087",fulfilled
smithtonya@huffman.org,14,dcu7qm,"401 Linda Circles Apt. 670
Raymondton, OH 67056-3087",fulfilled
hamiltonchristopher@yahoo.com,39,xbxaz7,"08338 Sandoval Locks Apt. 225
New Valerie, MS 80161-3440",fulfilled
amywright@wallace-johnson.com,74,a98xev,"403 Anna Center Apt. 947
Meganhaven, GA 46627",failed
amywright@wallace-johnson.com,46,skhh6n,"2174 Williams Plain Apt. 896
Allenfort, TX 46578",failed
amywright@wallace-johnson.com,71,6hb7do,"403 Anna Center Apt. 947
Meganhaven, GA 46627",fulfilled
amywright@wallace-johnson.com,45,hd6eyt,"6685 Allison Green Apt. 338
Port Kerri, PA 38837",failed
amywright@wallace-johnson.com,32,y942bm,"403 Anna Center Apt. 947
Meganhaven, GA 46627",fulfilled
amywright@wallace-johnson.com,44,t8lnr5,"Unit 3671 Box 6985
DPO AE 67892",fulfilled
iray@rogers.com,61,1pxm7n,"Unit 4843 Box 7401
DPO AP 92304-9120",fulfilled
iray@rogers.com,40,fdv49s,"Unit 4843 Box 7401
DPO AP 92304-9120",fulfilled
iray@rogers.com,49,hyopfu,"227 Christopher Station
Garretttown, ME 97325",fulfilled
iray@rogers.com,46,g9g7pj,"84301 Jennifer Place
Terranceside, AL 98149-0458",failed
iray@rogers.com,31,r0ufv3,"Unit 4843 Box 7401
DPO AP 92304-9120",fulfilled
ctaylor@yahoo.com,66,i1lv0z,"87096 Warren Turnpike
Howellview, WA 74727-2420",fulfilled
ctaylor@yahoo.com,70,94aoa8,"87096 Warren Turnpike
Howellview, WA 74727-2420",fulfilled
ctaylor@yahoo.com,32,lrdgn8,"87096 Warren Turnpike
Howellview, WA 74727-2420",fulfilled
ctaylor@yahoo.com,50,e0amku,"87096 Warren Turnpike
Howellview, WA 74727-2420",fulfilled
ctaylor@yahoo.com,38,z3tdfo,"87096 Warren Turnpike
Howellview, WA 74727-2420",fulfilled
ctaylor@yahoo.com,72,qyqvn4,"87096 Warren Turnpike
Howellview, WA 74727-2420",fulfilled
gomezjohn@yahoo.com,43,lwn8yr,"31997 Brooks Dam Apt. 491
Jensenfort, RI 68413",pending
gomezjohn@yahoo.com,16,q9mxer,"PSC 1043, Box 1089
APO AA 29395-9131",failed
mullenstephanie@yahoo.com,12,480xpp,"5650 Thomas Tunnel
Anthonyberg, KY 17169-8020",fulfilled
mullenstephanie@yahoo.com,28,w6jjuq,"3483 Frank Estate Apt. 466
Thomasburgh, MP 54561-8178",fulfilled
mullenstephanie@yahoo.com,17,5mwl8n,"3483 Frank Estate Apt. 466
Thomasburgh, MP 54561-8178",fulfilled
koneal@henderson.biz,23,p6xjf3,"056 Megan Trail Suite 355
West Zachary, GU 51278-2318",fulfilled
koneal@henderson.biz,11,20hwn4,"056 Megan Trail Suite 355
West Zachary, GU 51278-2318",fulfilled
koneal@henderson.biz,38,v8qxee,"056 Megan Trail Suite 355
West Zachary, GU 51278-2318",fulfilled
koneal@henderson.biz,26,ygu87g,"056 Megan Trail Suite 355
West Zachary, GU 51278-2318",fulfilled
brianthomas@yahoo.com,46,81wxhb,"2151 Gabriella Hills
South Brianafurt, LA 44893",fulfilled
brianthomas@yahoo.com,24,3e8psz,"152 David Viaduct Suite 697
New Henrymouth, KS 79046",fulfilled
brianthomas@yahoo.com,39,3vp1ao,"66698 Hayes Mission
East Amymouth, PA 32821-7102",pending
brianthomas@yahoo.com,49,wyeexx,"9205 Jeremiah Field Suite 815
East Christopher, IA 93399",fulfilled
oaguirre@hotmail.com,47,9lj87e,"719 Jeremy Flat Apt. 914
Alexanderport, IA 97423-7424",fulfilled
joshua00@hotmail.com,11,yimubh,"44361 Amy Curve
South Erictown, MN 32004",fulfilled
joshua00@hotmail.com,47,jjuevb,"44361 Amy Curve
South Erictown, MN 32004",failed
joshua00@hotmail.com,24,moxei5,"44361 Amy Curve
South Erictown, MN 32004",fulfilled
joshua00@hotmail.com,48,pupkd9,"44361 Amy Curve
South Erictown, MN 32004",fulfilled
veronica42@stokes.com,33,5m0otl,"51448 Robert Flat Suite 980
Williamsmouth, FL 67487-5651",fulfilled
cindydeleon@yahoo.com,14,fng05a,"7193 Smith Run
West Linda, DE 73274-8775",fulfilled
kyle64@stephens-ortiz.com,50,r8icbb,"42423 Marco Summit
New Mark, FM 17715",fulfilled
kyle64@stephens-ortiz.com,22,u0pjxd,"42423 Marco Summit
New Mark, FM 17715",fulfilled
kyle64@stephens-ortiz.com,22,7vjixz,"42423 Marco Summit
New Mark, FM 17715",fulfilled
kyle64@stephens-ortiz.com,13,670ajr,"42423 Marco Summit
New Mark, FM 17715",fulfilled
jordanthomas@hayes-wilson.biz,48,rsdztj,"42637 Casey Locks Suite 123
North Molly, WA 77652-8252",fulfilled
jordanthomas@hayes-wilson.biz,30,mk3o8e,"818 Andre Ferry
South Christopher, MA 53275",failed
jordanthomas@hayes-wilson.biz,47,ebz04t,"818 Andre Ferry
South Christopher, MA 53275",fulfilled
jordanthomas@hayes-wilson.biz,26,anb5hm,"66411 Katie Canyon
Port Kaitlin, CO 58600",fulfilled
aliciaanthony@martin.com,45,dzj9zm,"606 Estes Cove
North Danielmouth, GU 20958",fulfilled
aliciaanthony@martin.com,39,od1sqr,"265 Marisa Keys
Lynchmouth, WV 63252-7526",fulfilled
aliciaanthony@martin.com,11,ijyrzl,"265 Marisa Keys
Lynchmouth, WV 63252-7526",fulfilled
jenniferperry@hotmail.com,22,ljcxnj,"16855 Lopez Tunnel
Port Stephanieville, PW 58997-9470",fulfilled
jenniferperry@hotmail.com,15,cktnv9,"16855 Lopez Tunnel
Port Stephanieville, PW 58997-9470",fulfilled
jenniferperry@hotmail.com,30,d67lcv,"16855 Lopez Tunnel
Port Stephanieville, PW 58997-9470",failed
jenniferperry@hotmail.com,19,wpgaj2,"16855 Lopez Tunnel
Port Stephanieville, PW 58997-9470",failed
lsanchez@hotmail.com,40,cyrly6,"044 Ronnie Run
South Dawn, CA 49202-3034",fulfilled
lsanchez@hotmail.com,12,u5yw78,"419 Gonzalez Row
East Jonathan, MO 06563-0994",fulfilled
lsanchez@hotmail.com,35,44e4nh,"044 Ronnie Run
South Dawn, CA 49202-3034",fulfilled
lsanchez@hotmail.com,23,v91d47,"044 Ronnie Run
South Dawn, CA 49202-3034",fulfilled
christinemills@mcgee.com,35,320w72,"5156 Greene Park Apt. 748
New Sandra, CA 14802-7364",fulfilled
christinemills@mcgee.com,15,rih88w,"5156 Greene Park Apt. 748
New Sandra, CA 14802-7364",fulfilled
christinemills@mcgee.com,45,e5iy2q,"5156 Greene Park Apt. 748
New Sandra, CA 14802-7364",fulfilled
christinemills@mcgee.com,13,npcwlm,"431 Gregory Roads Apt. 838
East Kathytown, MD 91330-3737",fulfilled
christinemills@mcgee.com,17,hnt2yf,"5156 Greene Park Apt. 748
New Sandra, CA 14802-7364",failed
cuevasvicki@gmail.com,33,xtzm8c,"69632 Baker Prairie Suite 013
Gonzalezhaven, UT 17435",fulfilled
cuevasvicki@gmail.com,37,ol00gi,"69632 Baker Prairie Suite 013
Gonzalezhaven, UT 17435",fulfilled
cuevasvicki@gmail.com,49,imah49,"07784 Schroeder Rue Suite 000
Jonesview, TX 75036-6921",fulfilled
cuevasvicki@gmail.com,14,vbcgbn,"69632 Baker Prairie Suite 013
Gonzalezhaven, UT 17435",fulfilled
cuevasvicki@gmail.com,26,syx6hl,"69632 Baker Prairie Suite 013
Gonzalezhaven, UT 17435",fulfilled
mitchellgriffith@yahoo.com,36,bunmsb,"Unit 6719 Box 6044
DPO AE 33534",fulfilled
mitchellgriffith@yahoo.com,40,1luqt9,"0695 Brown Loaf Apt. 186
Gonzalezmouth, AK 04001",fulfilled
mitchellgriffith@yahoo.com,20,93lzyc,"548 Melendez Field Suite 037
Lisabury, SD 14157-9468",pending
gwilcox@hotmail.com,49,3h6s5x,"77436 Denise Key Suite 828
Mayschester, AR 65254-4549",fulfilled
gwilcox@hotmail.com,63,k147nh,"77436 Denise Key Suite 828
Mayschester, AR 65254-4549",fulfilled
gwilcox@hotmail.com,55,tv616g,"8844 Gonzalez Passage Suite 939
Craigtown, DE 98285",pending
gwilcox@hotmail.com,62,3d0ip4,"77436 Denise Key Suite 828
Mayschester, AR 65254-4549",fulfilled
gwilcox@hotmail.com,73,x9b0us,"05200 Smith Club
North Bethland, NE 90921-8292",fulfilled
gwilcox@hotmail.com,68,wa8h1e,"77436 Denise Key Suite 828
Mayschester, AR 65254-4549",pending
victorgarcia@gmail.com,34,gniwi1,"PSC 9769, Box 5820
APO AP 17294",fulfilled
brittany60@yahoo.com,47,8s2s9r,"603 Sophia Flat Suite 158
South Wandaland, PR 07273-7503",fulfilled
brittany60@yahoo.com,34,wbvdcq,"603 Sophia Flat Suite 158
South Wandaland, PR 07273-7503",failed
brittany60@yahoo.com,43,cvzcou,"603 Sophia Flat Suite 158
South Wandaland, PR 07273-7503",fulfilled
brittany60@yahoo.com,50,w10bby,"Unit 0093 Box 8299
DPO AP 65118-9531",fulfilled
fharris@hotmail.com,48,8sj7mh,"5434 Olivia Junctions Suite 109
Crosbymouth, KY 63938",failed
fharris@hotmail.com,29,mchypz,"PSC 4569, Box 8881
APO AP 07558-7291",fulfilled
mercedesfinley@roman.org,27,lt844q,"50180 Marsh Glen Suite 662
Anthonyville, PA 44693",fulfilled
mercedesfinley@roman.org,19,50o0jf,"03028 Brown Spring Suite 348
Elliottchester, WY 10834",fulfilled
mercedesfinley@roman.org,37,kxbs9c,"03028 Brown Spring Suite 348
Elliottchester, WY 10834",fulfilled
mercedesfinley@roman.org,25,ew151g,"529 Phelps Unions
Lake Michaelberg, CO 45893-2594",fulfilled
mercedesfinley@roman.org,22,d993dt,"03028 Brown Spring Suite 348
Elliottchester, WY 10834",fulfilled
1yf0@jedyz63t,38,gcop7b,"434 Joanne Shores
West Melissa, UT 85798-1374",fulfilled
1yf0@jedyz63t,11,eftfwy,"PSC 7355, Box 0895
APO AE 05437",fulfilled
1yf0@jedyz63t,45,1ca3sy,"12350 Nicholas Greens
Lawsonborough, NC 70237-3962",fulfilled
1yf0@jedyz63t,18,is64fx,"12350 Nicholas Greens
Lawsonborough, NC 70237-3962",fulfilled
1yf0@jedyz63t,12,st9dv0,"12350 Nicholas Greens
Lawsonborough, NC 70237-3962",fulfilled
thomasryan@conrad.net,49,wdeprg,"00373 Hicks Keys Suite 407
Millerside, HI 98544-8185",fulfilled
thomasryan@conrad.net,12,jtoc3i,"00373 Hicks Keys Suite 407
Millerside, HI 98544-8185",fulfilled
thomasryan@conrad.net,22,szs0n9,"00373 Hicks Keys Suite 407
Millerside, HI 98544-8185",pending
kwalsh@lopez-gomez.biz,31,hoxg2j,"0008 Jessica Stream
Mcbridetown, MH 04017",fulfilled
kwalsh@lopez-gomez.biz,35,j7u286,"0008 Jessica Stream
Mcbridetown, MH 04017",fulfilled
kwalsh@lopez-gomez.biz,34,sc5ooc,"0008 Jessica Stream
Mcbridetown, MH 04017",fulfilled
martinezlori@gmail.com,10,k0vrw5,"83519 Lauren Highway
Melissafurt, VI 09622",fulfilled
martinezlori@gmail.com,35,saobql,"Unit 0506 Box 9852
DPO AE 91209",fulfilled
martinezlori@gmail.com,44,aaptkq,"PSC 1505, Box 0924
APO AP 49055",fulfilled
johnlowery@gmail.com,47,1c0bds,"687 Rogers Bridge Suite 780
Valdezburgh, IN 23532",fulfilled
johnlowery@gmail.com,22,b8mpa4,"687 Rogers Bridge Suite 780
Valdezburgh, IN 23532",fulfilled
johnlowery@gmail.com,46,pc6hb6,"687 Rogers Bridge Suite 780
Valdezburgh, IN 23532",fulfilled
johnlowery@gmail.com,46,zxyice,"0989 Larsen Garden Apt. 889
Ryanmouth, DE 72841-9654",fulfilled
johnlowery@gmail.com,34,oo68hd,"64361 Joseph River Suite 034
East Deborahtown, VI 94168",fulfilled
stevehernandez@gmail.com,28,3zk1ts,"904 James Route Suite 595
Lake Ruth, CO 66976",failed
stevehernandez@gmail.com,44,die097,"904 James Route Suite 595
Lake Ruth, CO 66976",fulfilled
stevehernandez@gmail.com,21,voljhb,"904 James Route Suite 595
Lake Ruth, CO 66976",pending
stevehernandez@gmail.com,20,gqm9fm,"904 James Route Suite 595
Lake Ruth, CO 66976",fulfilled
stevehernandez@gmail.com,39,frghsc,"904 James Route Suite 595
Lake Ruth, CO 66976",fulfilled
daniel98@lamb.com,16,h1poms,"6698 David Squares Apt. 540
Westburgh, MA 77937",fulfilled
ujackson@harris.com,15,xn5707,"93986 Billy Mission Apt. 556
Barkerborough, OR 94824",failed
ujackson@harris.com,12,iewgho,"664 Maurice Row Suite 634
New Jodi, OR 56525",fulfilled
ujackson@harris.com,21,shluih,"62659 Jonathon Prairie
Port Daniel, OR 82463-7543",fulfilled
ujackson@harris.com,14,spmink,"269 Morse Unions
Lauraberg, PW 72001-5352",fulfilled
brittanyhicks@jones.com,33,gbnio0,"702 Mueller Trail Suite 858
Port Danieltown, AK 29083",fulfilled
deborah38@yahoo.com,30,sb4gud,"62730 Lisa Fields Suite 857
Nicholasburgh, ND 20013",fulfilled
andre74@patrick-decker.com,44,99hv2e,"25834 Bruce Mill Suite 697
Stoneberg, MI 63595-1710",fulfilled
andre74@patrick-decker.com,26,yjyogo,"55197 Jeffrey Burgs Suite 700
Gardnerport, VA 04866-4230",fulfilled
andre74@patrick-decker.com,46,nfryte,"04913 Fowler Haven Suite 451
New Joseph, OK 96214-6615",fulfilled
andre74@patrick-decker.com,36,aj4xtw,"43835 Smith Shoals
Matthewbury, DE 34994-6747",fulfilled
patrickcalderon@russo.net,16,kbhr9h,"6223 Cheyenne Villages Suite 751
Coryborough, ID 21264-7220",fulfilled
patrickcalderon@russo.net,47,0nzjdh,"6223 Cheyenne Villages Suite 751
Coryborough, ID 21264-7220",fulfilled
mitchellvickie@brewer-jones.com,31,6086rd,"829 Ramirez Dam Suite 648
Gatesview, OR 55669-8691",failed
mitchellvickie@brewer-jones.com,61,tq151t,"000 Edward Crescent
Arnoldtown, MD 24766",fulfilled
mitchellvickie@brewer-jones.com,34,ns8z3e,"829 Ramirez Dam Suite 648
Gatesview, OR 55669-8691",fulfilled
sbrown@hughes.biz,30,57yhdo,"06568 Perez Extension Suite 527
Cliffordside, MA 09159-6359",fulfilled
sbrown@hughes.biz,43,zmwtn6,"9472 Pacheco Islands Suite 940
Drewburgh, AZ 04238",fulfilled
sbrown@hughes.biz,14,8lfy8d,"9472 Pacheco Islands Suite 940
Drewburgh, AZ 04238",fulfilled
sbrown@hughes.biz,21,gv51sp,"9472 Pacheco Islands Suite 940
Drewburgh, AZ 04238",fulfilled
sbrown@hughes.biz,27,heeu8i,"9472 Pacheco Islands Suite 940
Drewburgh, AZ 04238",fulfilled
johnlowery@gmail.com,35,vcyuse,"548 Bryant Inlet
Veronicaside, OK 00522",fulfilled
johnlowery@gmail.com,13,jhaub8,"81025 Erin Grove
South Julieville, DC 96006",fulfilled
johnlowery@gmail.com,46,7h0dat,"548 Bryant Inlet
Veronicaside, OK 00522",fulfilled
johnlowery@gmail.com,27,tc712d,"60072 Stokes Walk Suite 799
Ashleyfort, RI 90265",fulfilled
ethompson@jackson-sanders.com,49,9s9ne9,"16953 Jennifer Springs
Kathybury, IL 02095-3215",failed
ethompson@jackson-sanders.com,54,t76ess,"935 Michelle Square
Lake Emilyville, AZ 70872",fulfilled
ethompson@jackson-sanders.com,37,cbxamb,"2798 Berger Fords Apt. 853
Kochton, MT 00589",fulfilled
ethompson@jackson-sanders.com,43,wjq6ep,"16953 Jennifer Springs
Kathybury, IL 02095-3215",fulfilled
ethompson@jackson-sanders.com,64,zynstd,"46911 Blankenship Lakes
Hernandezside, IN 46923-6076",fulfilled
ethompson@jackson-sanders.com,40,diw3zx,"16953 Jennifer Springs
Kathybury, IL 02095-3215",fulfilled
dawn05@tucker-brown.com,23,ow1cih,"130 Kimberly Junctions
Ericmouth, KS 59756-2919",fulfilled
dawn05@tucker-brown.com,32,ak5a9n,"750 Sarah Stream
Andersonfurt, WI 68970",fulfilled
dawn05@tucker-brown.com,25,1bubxa,"130 Kimberly Junctions
Ericmouth, KS 59756-2919",fulfilled
dawn05@tucker-brown.com,19,p0gdbf,"130 Kimberly Junctions
Ericmouth, KS 59756-2919",fulfilled
dawn05@tucker-brown.com,27,5lmvrj,"539 Branch Shore
Lake Roy, IA 11884",fulfilled
