customerEmail,orderId,paymentMethodId,transactionAmount,transactionFailed,transactionId
josephhoward@yahoo.com,vjbdvd,wt07xm68b,18,False,a9lcj51r
josephhoward@yahoo.com,yp6x27,wt07xm68b,26,False,y4wcv03i
evansjeffery@yahoo.com,nlghpa,41ug157xz,45,False,5mi94sfw
evansjeffery@yahoo.com,uw0eeb,41ug157xz,23,False,br8ba1nu
evansjeffery@yahoo.com,bn44oh,y3xp697jx,43,True,a33145ss
andersonwilliam@yahoo.com,yk34y2,8pneoi03z,33,False,q3lyvbza
andersonwilliam@yahoo.com,28v6b0,8pneoi03z,24,True,3alf9irw
andersonwilliam@yahoo.com,28v6b0,8pneoi03z,24,False,69w9wymx
andersonwilliam@yahoo.com,itnk8y,dluy3jka0,25,True,pegqc4ud
andersonwilliam@yahoo.com,itnk8y,8pneoi03z,25,False,uo3slwh7
rubenjuarez@yahoo.com,fbz9ep,pdxjdwui4,34,False,vx4cjc27
rubenjuarez@yahoo.com,7odnn6,pdxjdwui4,26,False,yiay9b0n
rubenjuarez@yahoo.com,audx7o,pdxjdwui4,25,False,sn3v0ql2
uchen@malone.com,56h7iw,olr4zf09x,71,False,q8j3dgni
uchen@malone.com,kowj1v,gehl28i8u,66,True,xjulqy8x
uchen@malone.com,wlznfu,gehl28i8u,69,False,rvm65vr1
uchen@malone.com,hm3rth,76bw9eqg2,46,True,kckrvagp
uchen@malone.com,vvq05w,s6escw45g,68,False,2slep8t9
uchen@malone.com,xwo0al,76bw9eqg2,59,False,yd80pfko
uchen@malone.com,2528x8,w1i1zq3rg,32,False,ckk3ux58
robinsoncynthia@dunn.com,vq7j5b,n5fj5bc0e,25,False,67qcpl0r
samuel15@saunders-rhodes.com,sq7rk9,je76d0ulj,40,True,9jutaun8
samuel15@saunders-rhodes.com,sq7rk9,je76d0ulj,40,False,lla8uo92
johnlowery@gmail.com,kanub7,yxsf33ipw,65,True,cfoevtai
johnlowery@gmail.com,kanub7,8xex97krx,65,False,300mewnx
johnlowery@gmail.com,605pbl,yxsf33ipw,36,False,kg0emdbe
johnlowery@gmail.com,7fs5td,yxsf33ipw,68,False,crwqqfpi
johnlowery@gmail.com,ccuh4k,8xex97krx,74,True,u2xbyl92
johnlowery@gmail.com,lajvhn,8xex97krx,55,False,c5w6btep
jameslandry@rodriguez.com,mtg9kj,yk3gx9knx,25,False,idd9amrw
jameslandry@rodriguez.com,1b71xd,yk3gx9knx,21,True,sihnojhc
jameslandry@rodriguez.com,1b71xd,yk3gx9knx,21,True,2ta3i8e2
jameslandry@rodriguez.com,1b71xd,yk3gx9knx,21,True,ksmxqqg3
jameslandry@rodriguez.com,1b71xd,yk3gx9knx,21,False,8pssnrcy
bowenwilliam@yahoo.com,a0dh26,4nt3vg6nr,40,True,i2xemksa
bowenwilliam@yahoo.com,a0dh26,4nt3vg6nr,40,False,fkxbbt2y
bowenwilliam@yahoo.com,izik2o,4nt3vg6nr,18,False,ud4zmsnq
bowenwilliam@yahoo.com,2sumqh,4nt3vg6nr,46,False,wnlc7kcq
bowenwilliam@yahoo.com,kcmymd,4nt3vg6nr,12,False,uqgebkxo
bowenwilliam@yahoo.com,mocbj3,4nt3vg6nr,11,True,9u7gmxy2
ksummers@hotmail.com,ji75jj,14t4urgqg,12,False,46ijodjq
ksummers@hotmail.com,5lyh0x,anpl44kz2,30,False,xo1gdp22
ksummers@hotmail.com,ha14ey,14t4urgqg,49,True,33jfoo59
ksummers@hotmail.com,ha14ey,ahnb9wv33,49,False,i8bk4lna
ksummers@hotmail.com,ni3keo,ahnb9wv33,45,True,7p73brx2
ksummers@hotmail.com,vvo42o,ahnb9wv33,28,True,zwl18ddd
ksummers@hotmail.com,vvo42o,12sooz8hm,28,False,i8zlhilq
christineklein@wright-boyd.org,abc26t,9pfrhknoz,10,False,fgobyd98
christineklein@wright-boyd.org,bdzhkd,ow9u8ogs4,45,False,c4fephmj
christineklein@wright-boyd.org,l8smyt,ow9u8ogs4,46,False,07hkhmmf
christineklein@wright-boyd.org,0esxhp,ow9u8ogs4,16,False,jz6qu6zy
meganwalters@chavez.com,ooxrwm,o2ct2h9fp,43,True,bhil44kr
meganwalters@chavez.com,ooxrwm,o2ct2h9fp,43,False,nw0a0y9s
meganwalters@chavez.com,2p3zor,o2ct2h9fp,34,True,enl54gvp
meganwalters@chavez.com,2p3zor,o2ct2h9fp,34,False,hkcfpxan
caleb94@sutton.info,49zp0m,5a44rykx3,19,False,n7vnyysr
caleb94@sutton.info,eqpu3r,5a44rykx3,46,False,mx7hay87
caleb94@sutton.info,gzlvco,5a44rykx3,39,False,vby375q9
caleb94@sutton.info,p1yden,5a44rykx3,35,False,1ti2lm0o
caleb94@sutton.info,bkvs1p,5a44rykx3,46,False,fwq4f8bn
gonzalesjackson@gmail.com,s7dg4a,7964l78jo,50,False,zcnztn97
gonzalesjackson@gmail.com,jlzkil,7964l78jo,41,False,zx8st0gu
gonzalesjackson@gmail.com,f8bsyg,7964l78jo,44,False,fzvbpn58
gonzalesjackson@gmail.com,u3ogjs,7964l78jo,41,False,1wa1s613
dana09@yahoo.com,giqilg,1lejsiqz7,12,True,koade5oa
dana09@yahoo.com,giqilg,ww9fq10ca,12,False,3cryzmi3
dana09@yahoo.com,g56nmt,1lejsiqz7,33,True,okdmow3s
dana09@yahoo.com,g56nmt,ww9fq10ca,33,True,wt1g1zul
dana09@yahoo.com,g56nmt,ww9fq10ca,33,False,2yzkbxnq
dana09@yahoo.com,2ai67b,1lejsiqz7,40,False,scls9w4j
alec27@bell.com,28xxko,6n2psn50k,34,False,jbnf5zpw
alec27@bell.com,iyl91j,6n2psn50k,12,False,60kuyxra
alec27@bell.com,j7ene4,366dsl3w0,30,True,vfrua0id
alec27@bell.com,j7ene4,6n2psn50k,30,True,u6wa5ysx
alec27@bell.com,j7ene4,6n2psn50k,30,False,gj13pt1o
alec27@bell.com,mir5zf,366dsl3w0,22,False,jh5r2s3s
juliecook@hotmail.com,p6g2g0,rqpuq19z6,11,False,5855qbk5
juliecook@hotmail.com,7y5qly,rqpuq19z6,14,False,6lf1jy8o
meganberry@clark.biz,1d19rh,bcetnywn4,37,False,74b4ih1u
meganberry@clark.biz,deh1ao,bcetnywn4,42,True,o4z2x2e9
meganberry@clark.biz,deh1ao,bcetnywn4,42,False,1u5d7k9y
meganberry@clark.biz,xdmwyo,bcetnywn4,11,False,85k8mjpo
meganberry@clark.biz,00z9c8,bcetnywn4,29,False,ubm4tzca
psantiago@nelson.net,f5vg4r,yngba9iss,31,False,6p2l2jxb
harrisnicholas@mitchell-hancock.com,xxn508,1adbjdqx8,33,False,k5x38nss
harrisnicholas@mitchell-hancock.com,5vvhqu,1adbjdqx8,47,True,6mas9ujn
harrisnicholas@mitchell-hancock.com,5vvhqu,llpmu63n4,47,False,gkolnfbh
harrisnicholas@mitchell-hancock.com,o5mg40,1adbjdqx8,25,False,vynq8mn9
harrisnicholas@mitchell-hancock.com,dfwo2l,llpmu63n4,25,True,5ccytrgf
harrisnicholas@mitchell-hancock.com,dfwo2l,1adbjdqx8,25,False,3qr93r9x
davismike@hotmail.com,j8w6hq,otujzzu3i,33,False,74rrit1l
davismike@hotmail.com,vo9fep,otujzzu3i,48,False,15adxvt9
davismike@hotmail.com,yqijlk,otujzzu3i,11,True,upzpdr9y
davismike@hotmail.com,yqijlk,otujzzu3i,11,False,lyq2dt5j
natalie98@yahoo.com,ssdsca,kafhtdkmr,23,False,c60my23d
karen54@mullins.biz,xm4p49,4rdcaqhb7,38,False,cw2apg23
karen54@mullins.biz,w3av5p,wlywsk5au,12,True,o16cfq48
karen54@mullins.biz,w3av5p,4rdcaqhb7,12,True,r3gj74vr
karen54@mullins.biz,w3av5p,4rdcaqhb7,12,False,dgx25sxc
karen54@mullins.biz,94y9qn,wlywsk5au,15,True,n47dl09n
karen54@mullins.biz,94y9qn,wlywsk5au,15,False,q8z8feru
karen54@mullins.biz,h0j383,4rdcaqhb7,11,False,5vwwh56j
karen54@mullins.biz,8iq07j,wlywsk5au,39,False,lkq1ib9d
avaldez@gmail.com,uotwbi,ogeeyw724,19,True,j8cy8qqf
avaldez@gmail.com,uotwbi,ogeeyw724,19,False,n4lw10e3
blackjoel@wright.com,f3zu8d,jud25x4mo,45,False,ueos82ny
blackjoel@wright.com,kv9he2,jud25x4mo,50,False,p5gx6q9w
blackjoel@wright.com,cs48h5,jud25x4mo,42,False,2zbevcd8
blackjoel@wright.com,eonqhv,jud25x4mo,10,False,r1r4ce3k
blackjoel@wright.com,zxk81a,jud25x4mo,30,True,er8zjgzm
blackjoel@wright.com,zxk81a,jud25x4mo,30,False,hqtzz2ib
abigail08@yahoo.com,naiygn,st34e000q,48,True,r6c5d2vo
abigail08@yahoo.com,naiygn,st34e000q,48,False,oquhv695
abigail08@yahoo.com,any2ki,st34e000q,42,True,1aq5meg1
abigail08@yahoo.com,any2ki,st34e000q,42,False,zu65tthv
abigail08@yahoo.com,l98c04,tfcg9eqwk,29,False,97sqcd6l
catherine64@gmail.com,j4izq0,5ad6rm0sb,65,False,s3hfs4fc
catherine64@gmail.com,81bac4,rc5kwqehi,75,False,8810813t
catherine64@gmail.com,y73qvk,5ad6rm0sb,58,True,w2nnyowa
catherine64@gmail.com,y73qvk,0lqd0lah5,58,False,iw7bakk3
catherine64@gmail.com,sd4v17,0tvw8yj4z,58,False,c2b8df2a
romerolauren@hotmail.com,ag3x4z,243b5b285,32,False,xph56a1n
romerolauren@hotmail.com,rn62d8,243b5b285,36,False,nonzx5wh
qramsey@hotmail.com,x4u7kx,yi3002uzs,14,True,5hj630hg
qramsey@hotmail.com,x4u7kx,yi3002uzs,14,False,pz9du9rq
qramsey@hotmail.com,du631k,uljh0fhae,15,False,fv1q37k3
qramsey@hotmail.com,eunjto,yi3002uzs,46,False,mh712ehl
qramsey@hotmail.com,mlsqph,yi3002uzs,18,False,7sfult79
qramsey@hotmail.com,pe8fke,yi3002uzs,30,False,wmbgls2d
9es7t@u6n7x,3b9vdf,wl0wgtfn2,16,True,7m39em4p
9es7t@u6n7x,3b9vdf,wl0wgtfn2,16,False,yz35aas7
ypruitt@hotmail.com,wc0qut,vwdxqd00s,30,False,h7huu8lz
ypruitt@hotmail.com,8o9ef7,vwdxqd00s,38,False,t55qhcm8
ypruitt@hotmail.com,5pwn81,vwdxqd00s,49,False,bzubcvnz
ypruitt@hotmail.com,l72b2v,vwdxqd00s,29,False,qyw32m2v
aweaver@yahoo.com,lly25f,1ov4r2jr5,20,False,0exoy858
richard05@hanson-key.org,pkajko,ip4pd9xyu,40,False,j3vtxcy9
paul86@hotmail.com,4w6x1p,j6vt0l11e,44,True,kuqkfynb
paul86@hotmail.com,4w6x1p,j6vt0l11e,44,False,rk0m8roe
mark02@young.com,gkwd8g,w3c453rd8,10,False,rxcql0ld
mark02@young.com,pypyvi,xci7mpl5h,34,True,w2tqx0ln
mark02@young.com,pypyvi,xci7mpl5h,34,False,aq1qv1td
mark02@young.com,fq1ooh,w3c453rd8,39,False,xu7b9kcr
mark02@young.com,qb4l0y,xci7mpl5h,49,False,fn1847f0
brandon58@conner.com,aj6j5x,r0735q7at,29,False,bczklypo
brandon58@conner.com,gf3kf8,r0735q7at,25,True,p237hz8y
brandon58@conner.com,gf3kf8,r0735q7at,25,False,75p8ugk5
brandon58@conner.com,v1sq5r,r0735q7at,14,True,fo3oz01r
brandon58@conner.com,v1sq5r,r0735q7at,14,True,w3jgb8qt
brandon58@conner.com,v1sq5r,r0735q7at,14,True,e6vl0gpx
brandon58@conner.com,v1sq5r,r0735q7at,14,True,lesb2kxu
brandon58@conner.com,v1sq5r,r0735q7at,14,False,fqqaqp6q
johnlowery@gmail.com,kr2w5f,tfff8yjzo,32,True,i25dewqi
johnlowery@gmail.com,kr2w5f,tfff8yjzo,32,False,7sdl8reg
johnlowery@gmail.com,4x7vmr,tfff8yjzo,21,False,bpvdqkr7
jamescampbell@randall-pacheco.biz,typkze,c4lqxg7tb,10,True,nq16vew4
jamescampbell@randall-pacheco.biz,typkze,c4lqxg7tb,10,True,r40gi7kt
jamescampbell@randall-pacheco.biz,typkze,suusse06u,10,False,n53a4z93
jamescampbell@randall-pacheco.biz,gar4v9,c4lqxg7tb,11,True,so2vwp1v
jamescampbell@randall-pacheco.biz,gar4v9,c4lqxg7tb,11,False,ulr6tqlz
jamescampbell@randall-pacheco.biz,ougwoy,c4lqxg7tb,47,True,vpzfovrf
jamescampbell@randall-pacheco.biz,ougwoy,suusse06u,47,False,8hc4ygjd
briana34@gmail.com,brzg7e,qkhsgv41q,50,False,2gd1xtoz
briana34@gmail.com,tex5rp,h2awlopgd,39,False,z292pjgq
briana34@gmail.com,o2xkjm,qkhsgv41q,18,True,ji0xd4so
briana34@gmail.com,o2xkjm,qkhsgv41q,18,False,0xj8t0jz
briana34@gmail.com,z11a6h,h2awlopgd,29,False,7o924iwu
briana34@gmail.com,8id3sg,qkhsgv41q,41,True,4bce098o
briana34@gmail.com,8id3sg,qkhsgv41q,41,False,zrro6kto
jonesandrea@gray.biz,sqfq9g,gxjchyxfz,45,False,jjnhdzhb
jonesandrea@gray.biz,lco8r4,gxjchyxfz,22,False,cmlxddnq
jonesandrea@gray.biz,d1mfum,gxjchyxfz,29,False,kyzfj2ta
kristina41@gmail.com,d6sbjc,bkopk7uzs,51,True,o022s00u
kristina41@gmail.com,d6sbjc,bkopk7uzs,51,False,w7ludkyz
kristina41@gmail.com,izroq8,bwj2e7i76,36,False,ohw0eoga
kristina41@gmail.com,9spaf7,bwj2e7i76,60,False,uusnh2tp
kristina41@gmail.com,8f7mcp,bwj2e7i76,52,False,0niv9sm2
kristina41@gmail.com,xwtnot,bwj2e7i76,68,False,by1ob38p
kristina41@gmail.com,iaousp,cm5dp45zh,51,False,h96uhgzk
nolanalec@yahoo.com,48pqsb,k5n97dkql,31,False,uzxl7bjx
nolanalec@yahoo.com,tprxxg,7am579wop,36,False,6vdayna1
nolanalec@yahoo.com,3j539y,7am579wop,42,False,3rc2nhqf
nolanalec@yahoo.com,q4rqn8,7am579wop,35,True,83llpfdj
nolanalec@yahoo.com,q4rqn8,7am579wop,35,False,rhgbdlfu
spencer77@reid.com,phfc5z,kvc38kle1,17,True,obe4ky4l
spencer77@reid.com,phfc5z,kvc38kle1,17,True,h0heqcju
spencer77@reid.com,phfc5z,bv4rt0waw,17,True,9udno8l3
spencer77@reid.com,phfc5z,bv4rt0waw,17,False,9pqd6ebh
spencer77@reid.com,7g535w,bv4rt0waw,33,False,62dks9yz
uguzman@yahoo.com,32rax6,73a2hlmnm,353,True,ftiso5mr
ssmith@levine-harmon.biz,9ekv8b,was3bq380,17,False,3f97a9jm
ssmith@levine-harmon.biz,l4l6tx,k5xriv8co,24,True,qblbbsr6
ssmith@levine-harmon.biz,l4l6tx,was3bq380,24,False,uriznwe8
ssmith@levine-harmon.biz,y4a3bt,k5xriv8co,35,False,wpumno5r
ssmith@levine-harmon.biz,xtmpum,k5xriv8co,32,False,th1lhv8t
ssmith@levine-harmon.biz,y50p63,k5xriv8co,36,True,cyob52xd
ssmith@levine-harmon.biz,y50p63,was3bq380,36,True,6qb7pwgb
ssmith@levine-harmon.biz,y50p63,k5xriv8co,36,True,fu5bnafm
feliciabrown@gmail.com,jp7kqk,0ma0yi3jg,41,False,55tz7m12
dianacook@gmail.com,23cqz5,yu71nlc3z,19,True,xmzhdlhj
dianacook@gmail.com,23cqz5,yu71nlc3z,19,False,mivfzxfz
dianacook@gmail.com,gxeyl2,yu71nlc3z,20,False,6nfh2k77
cookbenjamin@hotmail.com,zllwa6,wejtuspvr,37,True,odva1tei
cookbenjamin@hotmail.com,zllwa6,wejtuspvr,37,True,7p1c81gx
cookbenjamin@hotmail.com,zllwa6,wejtuspvr,37,False,wxb335un
cookbenjamin@hotmail.com,znlrfn,wejtuspvr,14,False,hyknr1f4
cookbenjamin@hotmail.com,rl4qc1,wejtuspvr,49,False,1qfz6ocd
cookbenjamin@hotmail.com,6s4aem,wejtuspvr,43,False,mctz3wea
joserowland@jones.com,u5a84z,r2v5bgqxf,31,False,yjfirs14
joserowland@jones.com,809d5o,f3l73qqm9,46,False,hrzejsy4
joserowland@jones.com,734b9q,f3l73qqm9,16,False,6xtouwt2
joserowland@jones.com,02x0ec,yym5xo9qi,15,False,u2mtko2f
pattersonphilip@yahoo.com,wg4ai4,6954oj7dx,18,False,61k4wiml
pattersonphilip@yahoo.com,dkwhx7,6954oj7dx,16,False,tuyrl147
pattersonphilip@yahoo.com,5ref00,6954oj7dx,39,False,cattpxq6
pattersonphilip@yahoo.com,4clclj,ujky4teqc,37,False,kn2hi7mn
hj8maoy@1jcfcxs7,qfteet,7b7gmp8al,12,False,ixardum8
hj8maoy@1jcfcxs7,8a35qi,7b7gmp8al,48,True,01qy7cu0
hj8maoy@1jcfcxs7,8a35qi,7b7gmp8al,48,False,b2llml7i
hj8maoy@1jcfcxs7,sw4bii,7b7gmp8al,41,False,cwqkwqg6
hj8maoy@1jcfcxs7,5xh1fc,7b7gmp8al,29,False,ao9gm8ru
hj8maoy@1jcfcxs7,m6pkzg,pr3xs6kdy,22,False,eyudgsxk
finleybrianna@yahoo.com,np9ggp,l1qil6tjh,44,False,gec3i717
finleybrianna@yahoo.com,8zs126,l1qil6tjh,43,True,e9cfoezm
finleybrianna@yahoo.com,8zs126,l1qil6tjh,43,True,vln8ddqj
finleybrianna@yahoo.com,9416gf,l1qil6tjh,41,False,20fwt83g
finleybrianna@yahoo.com,6avmqe,l1qil6tjh,16,True,ybvvmxmd
finleybrianna@yahoo.com,6avmqe,l1qil6tjh,16,True,203fxp7y
finleybrianna@yahoo.com,6avmqe,l1qil6tjh,16,False,7sajyzm4
suzanne21@gmail.com,l4hhqu,6ke43eyg9,37,False,hpcgclef
suzanne21@gmail.com,z2x7az,6ke43eyg9,31,True,vdwjlp18
suzanne21@gmail.com,z2x7az,6ke43eyg9,31,False,5mub2d51
suzanne21@gmail.com,910715,5i61lz4t2,24,True,jreh2bkw
suzanne21@gmail.com,910715,5i61lz4t2,24,False,95qmlxm7
johnlowery@gmail.com,3ougge,opyep1aoj,11,True,qenelvvf
johnlowery@gmail.com,3ougge,opyep1aoj,11,False,w5wkltds
johnlowery@gmail.com,6p7c0x,opyep1aoj,42,False,m0vig74t
johnlowery@gmail.com,dd8z28,opyep1aoj,37,False,ao66pcnh
johnlowery@gmail.com,0b6r24,opyep1aoj,30,True,h1zprjml
johnlowery@gmail.com,0b6r24,opyep1aoj,30,False,0ltw4chk
johnlowery@gmail.com,9eubwc,opyep1aoj,12,False,aoyfjmwf
kristaavery@lewis-baird.com,g54w0y,gcg213ko9,16,True,j8eo5x52
cathy42@gibson.com,d5r0n3,d1nvhtt2q,14,False,h469bpo6
cathy42@gibson.com,8lc2cq,d1nvhtt2q,23,False,vj05ozm5
cathy42@gibson.com,ssqc0h,rz1xfmc67,50,False,aziryp5p
michelleherrera@day.info,12l1rw,wovt0cj5c,34,False,r214877d
michelleherrera@day.info,pcmaex,wovt0cj5c,43,True,8wozhvp8
michelleherrera@day.info,pcmaex,wovt0cj5c,43,False,36u4g331
michelleherrera@day.info,hxwtsb,wovt0cj5c,15,False,vqceka21
michelleherrera@day.info,nm269f,wovt0cj5c,48,True,pgduytlm
michelleherrera@day.info,nm269f,wovt0cj5c,48,False,ah1qaf4c
ijuarez@yahoo.com,ghy2in,v6mrj0ec1,45,False,pf63pf7p
ijuarez@yahoo.com,gltavp,v6mrj0ec1,13,False,fjfqyvsq
ijuarez@yahoo.com,7syvmx,v6mrj0ec1,14,False,7sb2vztr
hughesjonathan@pena.org,yqgi4r,644b30jam,49,True,ec0xejv1
hughesjonathan@pena.org,yqgi4r,rbkqo2mz8,49,False,uplzo1p7
hughesjonathan@pena.org,owcp3q,rbkqo2mz8,25,False,co2h5f40
hughesjonathan@pena.org,kkj4g4,47ss4xvsx,41,True,3kwagzt0
hughesjonathan@pena.org,kkj4g4,644b30jam,41,False,ggnme3au
hughesjonathan@pena.org,ieo8qr,47ss4xvsx,25,True,tbc5gpg0
hughesjonathan@pena.org,7wo3i5,rbkqo2mz8,45,False,pne2a081
anthony04@gmail.com,czmdey,sdu0pppij,15,False,ird6quss
anthony04@gmail.com,4v3wor,sdu0pppij,34,False,kr4piaj6
mgould@yahoo.com,i1ews1,p6v42gsjt,22,False,ls23wjjk
mgould@yahoo.com,umxpkn,x6zmw4nns,21,True,57digam0
mgould@yahoo.com,umxpkn,x6zmw4nns,21,False,vvo1vly6
mgould@yahoo.com,2bwa43,p6v42gsjt,35,False,skhsy75r
mgould@yahoo.com,9wsbkr,p6v42gsjt,20,False,bph7txfx
bakersydney@gmail.com,r55imo,74rqcnogo,41,False,4d21mp0y
bakersydney@gmail.com,87w5rm,74rqcnogo,34,True,nwvqorle
bakersydney@gmail.com,87w5rm,74rqcnogo,34,True,06r7dg7q
bakersydney@gmail.com,87w5rm,74rqcnogo,34,False,x8085ani
bakersydney@gmail.com,knov7s,74rqcnogo,32,False,5i9fxj2h
udavis@clark.com,y439xr,2zc5i5g91,13,False,i7p3731v
udavis@clark.com,ikr37t,2zc5i5g91,10,False,xm6z2ku4
udavis@clark.com,3629iw,2zc5i5g91,18,False,a1etssuy
nancymayo@brown.com,ab2hxc,8mjcums28,46,False,ht0fcw33
nancymayo@brown.com,r8occu,oxpsbpotn,72,False,d6rooqlh
nancymayo@brown.com,ky361o,8mjcums28,50,False,5unj4ehj
nancymayo@brown.com,92e8bp,oxpsbpotn,42,True,gkkxcjim
nancymayo@brown.com,92e8bp,8mjcums28,42,False,uhz22wkv
nancymayo@brown.com,fu7lla,oxpsbpotn,56,False,lg7lup4i
nancymayo@brown.com,c5b579,oxpsbpotn,30,False,4z7tp93o
johnlowery@gmail.com,np906j,a8dggs0xt,40,False,hjsrew5l
johnlowery@gmail.com,p1yimo,a8dggs0xt,34,False,e93zwysp
warrenedward@arnold.com,03euof,v50sqfm8h,47,False,0w4ng8t4
warrenedward@arnold.com,e32v3f,3ahrb9ife,31,False,1od1zuej
warrenedward@arnold.com,v3f3bo,bhta4vgb5,28,False,409r48ot
warrenedward@arnold.com,mfgt1j,v50sqfm8h,11,False,kaxr9ib2
rbolton@hotmail.com,j5ssnn,895soyhh1,27,True,mco06mub
rbolton@hotmail.com,j5ssnn,aiker5vh0,27,False,hojsrmq7
rbolton@hotmail.com,pgpgct,895soyhh1,19,False,lt32c5y7
rbolton@hotmail.com,ywwu92,895soyhh1,17,False,izx7ae9w
rbolton@hotmail.com,h7m36s,895soyhh1,27,True,nixfmk79
jonathan99@stafford.org,dyyrat,2nfc926ij,46,False,ziw7e3wa
jonathan99@stafford.org,kwmuvx,2nfc926ij,46,False,d25j8j1o
lleonard@turner-fleming.com,vliicw,pube8iuin,59,True,rids9xcr
lleonard@turner-fleming.com,vliicw,pube8iuin,59,False,vfr9e4p1
lleonard@turner-fleming.com,a6e85x,pube8iuin,71,False,7vettvqh
lleonard@turner-fleming.com,s2yu52,pube8iuin,75,False,8zufs56k
lleonard@turner-fleming.com,2dt9hc,pube8iuin,56,True,po2qgue2
lleonard@turner-fleming.com,2dt9hc,pube8iuin,56,False,iavr78ml
lleonard@turner-fleming.com,c8czvd,pube8iuin,48,False,02xzx7s8
lleonard@turner-fleming.com,aexkeb,pube8iuin,55,False,ubhcpkcn
lleonard@turner-fleming.com,014gsw,pube8iuin,67,True,gidcndd6
lleonard@turner-fleming.com,014gsw,pube8iuin,67,False,0zv4q3v7
lleonard@turner-fleming.com,8lwtag,pube8iuin,40,False,bkink4ub
whitedavid@jones-lloyd.org,gdsjvg,twmq62jy6,70,False,3pymh6mw
whitedavid@jones-lloyd.org,3oa84g,schhirx31,52,False,unkt953p
whitedavid@jones-lloyd.org,a8rmch,twmq62jy6,73,False,009jh4iq
whitedavid@jones-lloyd.org,znuuw1,schhirx31,43,False,bjtbye6a
whitedavid@jones-lloyd.org,0ssrq7,twmq62jy6,45,False,i8ish28k
tayloreric@gmail.com,zwxx7h,ktxquppwn,15,True,c15e6515
tayloreric@gmail.com,zwxx7h,ktxquppwn,15,False,58xj4057
tayloreric@gmail.com,hnm11l,e02yhpn93,16,False,90fuwka6
tayloreric@gmail.com,oe5ua5,ktxquppwn,39,False,v2eetof8
shelby24@hotmail.com,38153h,ust8991vz,40,False,8bksc5m8
shelby24@hotmail.com,ocwyyj,ws9sghi5j,33,True,uy4yp6pt
shelby24@hotmail.com,ocwyyj,ust8991vz,33,False,vjunxb2y
shelby24@hotmail.com,99fepx,ws9sghi5j,50,False,9s2ob8gu
shelby24@hotmail.com,zjigls,ust8991vz,36,False,z2u9dn7i
cindydelgado@gmail.com,297izj,47p53nhjt,35,False,1fgz8zng
cindydelgado@gmail.com,4ryti3,47p53nhjt,46,False,b13nyxts
cindydelgado@gmail.com,1nblrq,47p53nhjt,49,False,x73jfun1
cindydelgado@gmail.com,lgnbul,47p53nhjt,16,False,4o8fq6zf
brittanydean@hotmail.com,4x5z1z,te1pi876k,36,True,rsxqencf
brittanydean@hotmail.com,4x5z1z,te1pi876k,36,True,xqb78j8d
brittanydean@hotmail.com,4x5z1z,te1pi876k,36,False,mq9xpl0j
brittanydean@hotmail.com,cilumk,te1pi876k,15,False,tujxikee
brittanydean@hotmail.com,znrz7h,te1pi876k,43,False,08k9grki
brittanydean@hotmail.com,ysg7hn,te1pi876k,36,False,28ddf0q0
watkinscaroline@lewis-haas.com,z4z8pu,zsk2itfp9,11,False,evap24h5
watkinscaroline@lewis-haas.com,kcyceh,zsk2itfp9,27,False,qv0juj5h
marissacollins@mckinney.com,r7iurq,5n1znn6g7,31,True,3ukr2xo2
marissacollins@mckinney.com,komvqe,5n1znn6g7,33,False,wkk02323
marissacollins@mckinney.com,oe260k,5n1znn6g7,46,False,j8pqgvs2
marissacollins@mckinney.com,vo6yxx,5n1znn6g7,12,True,ldrk3iu0
marissacollins@mckinney.com,vo6yxx,5n1znn6g7,12,False,u8124k9p
marissacollins@mckinney.com,f1ykft,5n1znn6g7,32,False,ggmerx76
craig83@rasmussen-alvarado.com,nzxaq8,dmbt74m31,20,False,rkahezdu
craig83@rasmussen-alvarado.com,8yj5xm,2g0jtwk7z,21,True,crl6tv84
thernandez@johnson-quinn.com,tnx3nb,5dcw1pvfp,14,False,gaxk9rqy
thernandez@johnson-quinn.com,un1swp,5dcw1pvfp,22,False,m8r6hniu
emilyroberts@hotmail.com,8hzrs6,k3j0csvbi,22,False,65kax9bv
emilyroberts@hotmail.com,lv7bgj,k3j0csvbi,14,False,jydc0igm
vmiller@hotmail.com,5qsujo,syeg4jsea,36,False,a77klpib
vmiller@hotmail.com,e079kp,syeg4jsea,60,False,ip5tk6rk
vmiller@hotmail.com,e4zp2d,syeg4jsea,57,False,0kkdyxv9
vmiller@hotmail.com,uwlkgq,syeg4jsea,59,True,mjnf4ynr
vmiller@hotmail.com,1r723d,syeg4jsea,64,True,chhgzokp
vmiller@hotmail.com,1r723d,syeg4jsea,64,False,1hnqqte8
vmiller@hotmail.com,kclajf,syeg4jsea,54,False,1fvxj1f7
vmiller@hotmail.com,src36a,syeg4jsea,55,True,vmzjq1hz
vmiller@hotmail.com,src36a,syeg4jsea,55,False,2pxfi412
vmiller@hotmail.com,urki6d,syeg4jsea,47,False,tp8rcpaj
david45@gmail.com,xmco0d,g7u0onbnv,74,False,37wzwli3
david45@gmail.com,6kc5n5,u1ae0romw,57,False,t08f5g4x
david45@gmail.com,l35jjq,60ktm2k9f,57,True,o09fmom1
david45@gmail.com,l35jjq,g7u0onbnv,57,True,1nm2xl3k
david45@gmail.com,l35jjq,g7u0onbnv,57,True,rbjz1iom
david45@gmail.com,ujgjis,u1ae0romw,53,False,lva5by83
david45@gmail.com,3hprb8,s5crwdixe,61,False,1jpyo91x
david45@gmail.com,745ioj,tulie7ios,67,False,w7v8dfj3
david45@gmail.com,fc3nvv,tulie7ios,47,False,55dcono8
david45@gmail.com,owjv3s,u1ae0romw,36,False,88pxkgun
fdavis@wolfe-brown.com,ohf8go,ru53ucaj4,17,False,4r72r534
fdavis@wolfe-brown.com,06hsk6,ru53ucaj4,25,False,0flz070f
fdavis@wolfe-brown.com,u4dydn,gims4zlcp,30,False,lbfnlnfe
kathleenlee@yahoo.com,uz0oa1,qr7kuc1gm,41,False,fkoqiy81
kathleenlee@yahoo.com,5vu69a,qr7kuc1gm,10,False,xszxv6w1
kathleenlee@yahoo.com,mpwhj2,1uzbo147p,38,True,nl649qu5
kathleenlee@yahoo.com,mpwhj2,qr7kuc1gm,38,False,9masuhff
kathleenlee@yahoo.com,qvbjir,qr7kuc1gm,32,True,ah0args9
kathleenlee@yahoo.com,qvbjir,t9ilu4ywl,32,False,ezx663wg
benjamin19@gmail.com,d2szgv,i7h51ufsw,18,False,xduef3wa
benjamin19@gmail.com,xmaldl,3y1i3h6rv,11,True,g0v9a6i2
benjamin19@gmail.com,xmaldl,i7h51ufsw,11,False,nm7oqe4d
benjamin19@gmail.com,ln8bdx,i7h51ufsw,47,False,kcdt39ks
mtrevino@gutierrez.net,m6zkwn,js2v4zlym,17,True,wkw8llhg
tmcpherson@wright.com,51pdq1,w8f4lcsen,72,True,a0krnphc
tmcpherson@wright.com,51pdq1,w8f4lcsen,72,True,8ko07llh
tmcpherson@wright.com,bve6ws,w8f4lcsen,60,True,x84iyy6o
tmcpherson@wright.com,bve6ws,w8f4lcsen,60,False,jwdcjcvh
tmcpherson@wright.com,6sv4im,w8f4lcsen,42,False,rilyerv3
tmcpherson@wright.com,loejqo,w8f4lcsen,33,False,nob1c9da
tmcpherson@wright.com,qrkjwn,w8f4lcsen,33,True,p9l1ry2z
tmcpherson@wright.com,qrkjwn,w8f4lcsen,33,False,6h400s45
tmcpherson@wright.com,bvbmdr,w8f4lcsen,35,False,37xngvsx
tmcpherson@wright.com,etpzqt,w8f4lcsen,40,True,ho3ia5k6
tmcpherson@wright.com,etpzqt,w8f4lcsen,40,True,cthnkebs
tmcpherson@wright.com,etpzqt,w8f4lcsen,40,False,4yoepvao
tmcpherson@wright.com,p3i7n9,w8f4lcsen,36,False,7l217x0d
wdelacruz@yahoo.com,lqc3os,n8g5z0l5a,66,True,z7wlutjb
wdelacruz@yahoo.com,q60uc8,n8g5z0l5a,46,False,7prmsn0c
wdelacruz@yahoo.com,fsnt56,n8g5z0l5a,47,False,y57y5psb
wdelacruz@yahoo.com,j6lfpo,n8g5z0l5a,72,False,m4c0aa62
brooksdustin@knight.info,8p5okv,tmx17utwv,17,False,57bf8t4x
ybrown@gmail.com,cdt22w,vnrb9adla,46,False,syutt7yx
ybrown@gmail.com,w936ae,4wf6hh0n2,42,False,zzg2ywpl
ybrown@gmail.com,xsg232,os6ezvnwg,36,False,0mnx24qs
ybrown@gmail.com,1x9wie,os6ezvnwg,10,True,2obfozx3
ybrown@gmail.com,1x9wie,os6ezvnwg,10,False,jauf6x87
vreyes@cruz.info,b1t6wl,gw4lq4cuy,30,False,7pupat69
nicolekelly@hotmail.com,qy4n1h,6rli0g8of,42,False,fkjd0vf6
barronelizabeth@singh.org,2r16j4,duk5e3nae,21,False,xggmoajo
barronelizabeth@singh.org,fs5qr2,duk5e3nae,16,False,54mziv51
barronelizabeth@singh.org,7p1kg7,iq66wkmk1,39,False,v2io6j5q
barronelizabeth@singh.org,zrklm8,iq66wkmk1,22,True,14s99io7
barronelizabeth@singh.org,zrklm8,duk5e3nae,22,False,l022kzwv
phillip89@gmail.com,m1ivme,0hxz5kbtr,16,False,hpcl1rqn
phillip89@gmail.com,lbg7xt,0hxz5kbtr,45,False,i5cw09zr
phillip89@gmail.com,6fzokb,0hxz5kbtr,13,False,5gbtznk4
ugood@mosley.info,eqaoio,3zzg1etrq,74,False,gpeuthlg
ugood@mosley.info,ye3d01,jcbfj9zj6,67,False,6qeucn7v
zgraham@yahoo.com,4pg8fk,l4w49qskr,42,False,tyhoucmk
zgraham@yahoo.com,0linjx,4lbflweug,43,True,82m0gkqr
zgraham@yahoo.com,9khtcz,ougmgyvof,12,False,cosa5rtj
zgraham@yahoo.com,3g1bbj,ougmgyvof,11,True,93wgj32w
zgraham@yahoo.com,3g1bbj,4lbflweug,11,False,trxn5ehm
pchavez@randolph.com,iwzplu,3fsaflfv5,39,False,idhsbo74
marywalker@gmail.com,9wfg0y,dakq3e620,14,True,9fxpqd1e
marywalker@gmail.com,9wfg0y,6p0e0gdmy,14,False,59di64ja
marywalker@gmail.com,f2u6qh,dakq3e620,35,False,mpqpuama
marywalker@gmail.com,hw28hx,dakq3e620,19,False,v19i5ylc
smithtonya@huffman.org,52gvak,1vwiez8vl,32,False,mmxvwcnc
smithtonya@huffman.org,e7i8oe,1vwiez8vl,35,False,wmqq0rhj
smithtonya@huffman.org,dcu7qm,1vwiez8vl,14,False,qmywqxmq
hamiltonchristopher@yahoo.com,xbxaz7,vwvzodhr2,39,True,gnhirhoy
hamiltonchristopher@yahoo.com,xbxaz7,2syymyhn2,39,False,s4fv6dqi
amywright@wallace-johnson.com,a98xev,88huac0bv,74,False,sbuj220x
amywright@wallace-johnson.com,skhh6n,88huac0bv,46,False,lwfud9ou
amywright@wallace-johnson.com,6hb7do,88huac0bv,71,True,ewy4l0pq
amywright@wallace-johnson.com,hd6eyt,88huac0bv,45,False,bukm9xs4
amywright@wallace-johnson.com,y942bm,88huac0bv,32,False,aus7niea
amywright@wallace-johnson.com,t8lnr5,88huac0bv,44,False,1vw81h7t
iray@rogers.com,1pxm7n,jwnmuewma,61,False,amyaqwxv
iray@rogers.com,fdv49s,736fivko4,40,False,6wmrhsvw
iray@rogers.com,hyopfu,jwnmuewma,49,False,76kkztvq
iray@rogers.com,g9g7pj,j0eyk4wni,46,False,me89f00o
iray@rogers.com,r0ufv3,j0eyk4wni,31,False,tzys1r4y
ctaylor@yahoo.com,i1lv0z,cf3mkd213,66,False,us3sl1w5
ctaylor@yahoo.com,94aoa8,jjfiirq8l,70,False,fmt8i50f
ctaylor@yahoo.com,lrdgn8,xp5bh6v2n,32,True,sw8vizzn
ctaylor@yahoo.com,lrdgn8,rqtzq4iov,32,False,3asqnj9h
ctaylor@yahoo.com,e0amku,jjfiirq8l,50,False,tnzw0wf9
ctaylor@yahoo.com,z3tdfo,jjfiirq8l,38,True,464cuad3
ctaylor@yahoo.com,z3tdfo,rqtzq4iov,38,False,22wpoikc
ctaylor@yahoo.com,qyqvn4,q96qd8pcw,72,False,iwr5gm7i
gomezjohn@yahoo.com,lwn8yr,n1ehjoa66,43,False,7w0n4z25
gomezjohn@yahoo.com,q9mxer,n1ehjoa66,16,False,0h8u9mpm
mullenstephanie@yahoo.com,480xpp,rz8r1tr8s,12,False,lxpd7329
mullenstephanie@yahoo.com,w6jjuq,8ohzdp1ql,28,False,1zhxo5b4
mullenstephanie@yahoo.com,5mwl8n,8ohzdp1ql,17,False,6wvb00ik
koneal@henderson.biz,p6xjf3,h6cv0t3ga,23,False,s7kvbnb1
koneal@henderson.biz,20hwn4,h6cv0t3ga,11,False,htkv5ymx
koneal@henderson.biz,v8qxee,h6cv0t3ga,38,False,7qdnutij
koneal@henderson.biz,ygu87g,h6cv0t3ga,26,False,u2eijqhe
brianthomas@yahoo.com,81wxhb,9i0e5d5ex,46,False,srhoioko
brianthomas@yahoo.com,3e8psz,9i0e5d5ex,24,False,sdx47g08
brianthomas@yahoo.com,3vp1ao,9i0e5d5ex,39,True,7d74oyac
brianthomas@yahoo.com,3vp1ao,9i0e5d5ex,39,True,7kx1329q
brianthomas@yahoo.com,3vp1ao,9i0e5d5ex,39,False,we3p9buz
brianthomas@yahoo.com,wyeexx,9i0e5d5ex,49,False,k8k2d6kb
oaguirre@hotmail.com,9lj87e,0d9jd80l2,47,False,5s2j37z0
joshua00@hotmail.com,yimubh,29bqx7jkh,11,False,7dmekh44
joshua00@hotmail.com,jjuevb,29bqx7jkh,47,True,ys8gd1yz
joshua00@hotmail.com,jjuevb,29bqx7jkh,47,False,rh1bddbi
joshua00@hotmail.com,moxei5,29bqx7jkh,24,False,6x8h7znc
joshua00@hotmail.com,pupkd9,29bqx7jkh,48,False,miiyptdl
veronica42@stokes.com,5m0otl,bdsvwrzwf,33,False,6dwhx2bc
cindydeleon@yahoo.com,fng05a,i06wwil9n,14,True,exdzrfbl
cindydeleon@yahoo.com,fng05a,vaf2bri7z,14,True,n78bpcgi
cindydeleon@yahoo.com,fng05a,vaf2bri7z,14,True,5ndeff4q
cindydeleon@yahoo.com,fng05a,vaf2bri7z,14,False,efvuhjx7
kyle64@stephens-ortiz.com,r8icbb,kus94zksp,50,False,bb7h3ho1
kyle64@stephens-ortiz.com,u0pjxd,kus94zksp,22,True,jv2aw7ft
kyle64@stephens-ortiz.com,u0pjxd,kus94zksp,22,False,atmrshug
kyle64@stephens-ortiz.com,7vjixz,kus94zksp,22,False,2ymlir6k
kyle64@stephens-ortiz.com,670ajr,kus94zksp,13,False,vn7ys0h2
jordanthomas@hayes-wilson.biz,rsdztj,fgfa24tpk,48,False,ut8a5hyw
jordanthomas@hayes-wilson.biz,mk3o8e,fgfa24tpk,30,False,t4zal6wo
jordanthomas@hayes-wilson.biz,ebz04t,pf64zbjh1,47,False,4ibeew3x
jordanthomas@hayes-wilson.biz,anb5hm,fgfa24tpk,26,False,vn79akmv
aliciaanthony@martin.com,dzj9zm,5tyvyueom,45,False,d27dmlyt
aliciaanthony@martin.com,od1sqr,5tyvyueom,39,False,m5ojvu3i
aliciaanthony@martin.com,ijyrzl,5tyvyueom,11,False,jxosraoj
jenniferperry@hotmail.com,ljcxnj,islfepdzb,22,False,090ujaux
jenniferperry@hotmail.com,cktnv9,45ddgqcnf,15,False,yypw7n1d
jenniferperry@hotmail.com,d67lcv,45ddgqcnf,30,False,s0yyt7of
jenniferperry@hotmail.com,wpgaj2,islfepdzb,19,False,4ozk9f09
lsanchez@hotmail.com,cyrly6,8iizua67d,40,False,ogpqwzrl
lsanchez@hotmail.com,u5yw78,8iizua67d,12,False,r8ka9avu
lsanchez@hotmail.com,44e4nh,8iizua67d,35,False,q5ua8ylu
lsanchez@hotmail.com,v91d47,8iizua67d,23,True,nm9dlvgw
lsanchez@hotmail.com,v91d47,8iizua67d,23,False,3q7pfnul
christinemills@mcgee.com,320w72,1dcru1vlg,35,False,xo0ezry0
christinemills@mcgee.com,rih88w,1dcru1vlg,15,False,0ag8hv7x
christinemills@mcgee.com,e5iy2q,1dcru1vlg,45,False,f0iufxzu
christinemills@mcgee.com,npcwlm,xrqpqnjba,13,False,0tnloyfm
christinemills@mcgee.com,hnt2yf,xrqpqnjba,17,False,d4oenk4o
cuevasvicki@gmail.com,xtzm8c,eyvv5ubc3,33,True,i8w9h2cd
cuevasvicki@gmail.com,xtzm8c,h5wy1uso1,33,False,sjy0l8ad
cuevasvicki@gmail.com,ol00gi,h5wy1uso1,37,False,5pau86iw
cuevasvicki@gmail.com,imah49,eyvv5ubc3,49,False,qblmwgfm
cuevasvicki@gmail.com,vbcgbn,ssnalg5vb,14,False,7dm6i2pb
cuevasvicki@gmail.com,syx6hl,h5wy1uso1,26,False,pihkylay
mitchellgriffith@yahoo.com,bunmsb,4nf29mjz1,36,True,qybsml7x
mitchellgriffith@yahoo.com,bunmsb,4nf29mjz1,36,True,d4f44rhh
mitchellgriffith@yahoo.com,bunmsb,4nf29mjz1,36,True,zjplyhca
mitchellgriffith@yahoo.com,bunmsb,4nf29mjz1,36,True,aegdz9wr
mitchellgriffith@yahoo.com,bunmsb,4nf29mjz1,36,True,p4bjmsol
mitchellgriffith@yahoo.com,bunmsb,4nf29mjz1,36,False,2t7q4sjh
mitchellgriffith@yahoo.com,1luqt9,4nf29mjz1,40,True,m8zl1qvt
mitchellgriffith@yahoo.com,1luqt9,4nf29mjz1,40,False,nb7tswnn
mitchellgriffith@yahoo.com,93lzyc,4nf29mjz1,20,True,mv2yyjg1
mitchellgriffith@yahoo.com,93lzyc,4nf29mjz1,20,True,91xu5lzd
mitchellgriffith@yahoo.com,93lzyc,4nf29mjz1,20,True,sffxzqww
mitchellgriffith@yahoo.com,93lzyc,4nf29mjz1,20,True,e6kpuach
mitchellgriffith@yahoo.com,93lzyc,4nf29mjz1,20,True,ykdbfnin
mitchellgriffith@yahoo.com,93lzyc,4nf29mjz1,20,True,0yqd9taf
mitchellgriffith@yahoo.com,93lzyc,4nf29mjz1,20,False,naq0x1ex
gwilcox@hotmail.com,3h6s5x,ymqtqgnsg,49,False,nzot2cqt
gwilcox@hotmail.com,k147nh,bddoq1fwc,63,False,fn9a0hml
gwilcox@hotmail.com,tv616g,p4of42zn1,55,True,p22jityx
gwilcox@hotmail.com,3d0ip4,xlsn61ipv,62,True,rs1oex3s
gwilcox@hotmail.com,3d0ip4,xlsn61ipv,62,False,6fm14ue0
gwilcox@hotmail.com,x9b0us,xlsn61ipv,73,False,ywydanw2
gwilcox@hotmail.com,wa8h1e,xlsn61ipv,68,False,dsjvchs7
victorgarcia@gmail.com,gniwi1,4y1kp0vsv,34,False,kzb8h607
brittany60@yahoo.com,8s2s9r,lp97onnto,47,False,r53rt9lh
brittany60@yahoo.com,wbvdcq,qp0jwedbw,34,False,dl1cdscx
brittany60@yahoo.com,cvzcou,qp0jwedbw,43,True,pi3n5nzn
brittany60@yahoo.com,cvzcou,qp0jwedbw,43,False,ahtln53x
brittany60@yahoo.com,w10bby,qp0jwedbw,50,False,7zpfyxyn
fharris@hotmail.com,8sj7mh,orf4mjxo2,48,True,cr54660y
fharris@hotmail.com,8sj7mh,orf4mjxo2,48,True,t9235lna
fharris@hotmail.com,8sj7mh,orf4mjxo2,48,False,ikfxbvy8
fharris@hotmail.com,mchypz,orf4mjxo2,29,False,0eptxbrk
mercedesfinley@roman.org,lt844q,yq0785i1q,27,False,s7r7mdlh
mercedesfinley@roman.org,50o0jf,yq0785i1q,19,False,xraiaun9
mercedesfinley@roman.org,kxbs9c,zim2ivw3x,37,False,r3ornrhq
mercedesfinley@roman.org,ew151g,zim2ivw3x,25,False,spnrmftf
mercedesfinley@roman.org,d993dt,muqv21w62,22,False,kzj11whl
1yf0@jedyz63t,gcop7b,igpmsjd73,38,False,foo56851
1yf0@jedyz63t,eftfwy,0l7kszls7,11,False,drngwa51
1yf0@jedyz63t,1ca3sy,vej6hz0vq,45,True,5010w1m2
1yf0@jedyz63t,1ca3sy,0l7kszls7,45,False,xyavqxjg
1yf0@jedyz63t,is64fx,igpmsjd73,18,False,84xwwv0d
1yf0@jedyz63t,st9dv0,igpmsjd73,12,True,67o717jo
1yf0@jedyz63t,st9dv0,0l7kszls7,12,True,i4edjdey
1yf0@jedyz63t,st9dv0,0l7kszls7,12,True,pkc9dfn2
1yf0@jedyz63t,st9dv0,0l7kszls7,12,True,cnion0pc
1yf0@jedyz63t,st9dv0,0l7kszls7,12,False,7nib2tyk
thomasryan@conrad.net,wdeprg,zn4e11ck7,49,False,6bvyi75n
thomasryan@conrad.net,jtoc3i,n5z9rxst8,12,True,mijozk3a
thomasryan@conrad.net,jtoc3i,zn4e11ck7,12,False,a2iekqhg
thomasryan@conrad.net,szs0n9,zn4e11ck7,22,True,bgc001g0
thomasryan@conrad.net,szs0n9,n5z9rxst8,22,False,oys0c9e5
kwalsh@lopez-gomez.biz,hoxg2j,kjt28bu2n,31,False,o39lupeq
kwalsh@lopez-gomez.biz,j7u286,kjt28bu2n,35,False,x37r5o4e
kwalsh@lopez-gomez.biz,sc5ooc,2d00yljsp,34,False,hhg5fwwa
martinezlori@gmail.com,k0vrw5,866s0p6rq,10,False,w3lp3m3e
martinezlori@gmail.com,saobql,866s0p6rq,35,True,med79zy3
martinezlori@gmail.com,saobql,866s0p6rq,35,False,4ccan7ny
martinezlori@gmail.com,aaptkq,866s0p6rq,44,True,q0cxhnip
martinezlori@gmail.com,aaptkq,866s0p6rq,44,False,fv5z6bnc
johnlowery@gmail.com,1c0bds,hs3hemcz6,47,False,t2tr0zve
johnlowery@gmail.com,b8mpa4,hs3hemcz6,22,True,gzs6it77
johnlowery@gmail.com,b8mpa4,hs3hemcz6,22,False,ckvws967
johnlowery@gmail.com,pc6hb6,8wpdnmsut,46,False,soaefwfo
johnlowery@gmail.com,zxyice,hs3hemcz6,46,False,7df4i4c9
johnlowery@gmail.com,oo68hd,hs3hemcz6,34,False,c5usmga3
stevehernandez@gmail.com,3zk1ts,8ty2ztfnr,28,True,7kxhp29x
stevehernandez@gmail.com,3zk1ts,8ty2ztfnr,28,False,ziocjvea
stevehernandez@gmail.com,die097,8ty2ztfnr,44,False,8c5f90a5
stevehernandez@gmail.com,voljhb,8ty2ztfnr,21,False,ds1cg5jj
stevehernandez@gmail.com,gqm9fm,8ty2ztfnr,20,False,rayscslh
stevehernandez@gmail.com,frghsc,8ty2ztfnr,39,False,m1w4y3sd
daniel98@lamb.com,h1poms,oqkj50e71,16,False,lx8113ey
ujackson@harris.com,xn5707,dby03chrc,15,False,apeqsf6w
ujackson@harris.com,iewgho,dby03chrc,12,False,kwkd076c
ujackson@harris.com,shluih,1phhc3468,21,True,o0acxutg
ujackson@harris.com,shluih,dby03chrc,21,False,ln2yqoc0
ujackson@harris.com,spmink,1phhc3468,14,True,9a7cmr1e
brittanyhicks@jones.com,gbnio0,ti77llxpi,33,True,sw740j0n
brittanyhicks@jones.com,gbnio0,ti77llxpi,33,False,bi4lb6bp
deborah38@yahoo.com,sb4gud,kzpdmdk05,30,False,muzrxahs
andre74@patrick-decker.com,99hv2e,z4jrvn93k,44,False,kdc3wdhj
andre74@patrick-decker.com,yjyogo,ru0jjkjlt,26,False,8f8tkglk
andre74@patrick-decker.com,nfryte,6umtakhhu,46,True,sdvzm88k
andre74@patrick-decker.com,nfryte,z4jrvn93k,46,False,09hmwr4s
andre74@patrick-decker.com,aj4xtw,ru0jjkjlt,36,False,0rtt6tgw
patrickcalderon@russo.net,kbhr9h,sptgc1wgt,16,False,vo7nj6b8
patrickcalderon@russo.net,0nzjdh,sptgc1wgt,47,True,s3t5yx6o
patrickcalderon@russo.net,0nzjdh,sptgc1wgt,47,False,jyjpu7xe
mitchellvickie@brewer-jones.com,6086rd,x644o186l,31,False,ryxa1mzn
mitchellvickie@brewer-jones.com,tq151t,x644o186l,61,False,waeqt53t
mitchellvickie@brewer-jones.com,ns8z3e,x644o186l,34,False,chd6ii6v
sbrown@hughes.biz,57yhdo,wsy5c41nf,30,False,293g6767
sbrown@hughes.biz,zmwtn6,usu93euvb,43,False,8hqq8gnj
sbrown@hughes.biz,8lfy8d,wsy5c41nf,14,True,o9wqic08
sbrown@hughes.biz,8lfy8d,usu93euvb,14,False,vksokuxy
sbrown@hughes.biz,gv51sp,wsy5c41nf,21,False,get2kwes
sbrown@hughes.biz,heeu8i,vmktpy2mv,27,False,iwe4sw3m
johnlowery@gmail.com,vcyuse,j3foo2l16,35,False,qio8vvq7
johnlowery@gmail.com,jhaub8,xpd7j7c5g,13,False,xi23rned
johnlowery@gmail.com,7h0dat,xpd7j7c5g,46,False,my4g00b1
johnlowery@gmail.com,tc712d,j3foo2l16,27,False,g3bqf8xd
ethompson@jackson-sanders.com,9s9ne9,kcg6rzgch,49,False,1uusmhj9
ethompson@jackson-sanders.com,t76ess,1tmkeoxbm,54,True,aph71b7b
ethompson@jackson-sanders.com,t76ess,oycs53i0s,54,False,1exu7d21
ethompson@jackson-sanders.com,cbxamb,pj3k9zcc7,37,True,yneqvvwj
ethompson@jackson-sanders.com,cbxamb,1tmkeoxbm,37,False,piabwn96
ethompson@jackson-sanders.com,wjq6ep,pj3k9zcc7,43,False,l2t3xn9z
ethompson@jackson-sanders.com,zynstd,oycs53i0s,64,False,yb9ejssg
ethompson@jackson-sanders.com,diw3zx,oycs53i0s,40,False,j3xzwavj
dawn05@tucker-brown.com,ow1cih,3zmkegkb8,23,False,6incxb5x
dawn05@tucker-brown.com,ak5a9n,7yen1m1q8,32,False,wpd29k0c
dawn05@tucker-brown.com,1bubxa,7yen1m1q8,25,True,7yilsi1o
dawn05@tucker-brown.com,1bubxa,3zmkegkb8,25,True,wmh52bns
dawn05@tucker-brown.com,1bubxa,7yen1m1q8,25,False,c82k5bcv
dawn05@tucker-brown.com,p0gdbf,3zmkegkb8,19,False,xdw33hfp
dawn05@tucker-brown.com,5lmvrj,f0xnu5om9,27,False,wgmajf82
